Workbook

Sheet ipk3.1
A1: IPK III/1: IKHTISAR STATISTIK TENAGA KERJA KABUPATEN PASER
A2: PADA TANGGAL : 1 AGUSTUS 2025 s/d 31 AGUSTUS 2025
A4: I.PENCARI KERJA | B4: KELOMPOK UMUR | L4: JUMLAH
B5: 15-19 | D5: 20-29 | F5: 30-44 | H5: 45-54 | J5: 55+
B6: L | C6: P | D6: L | E6: P | F6: L | G6: P | H6: L | I6: P | J6: L | K6: P | L6: L | M6: P | N6: L+P
A7: 1. Pencari kerja yang belum ditempatkan pada bulan yang lalu | B7: 2726 | C7: 944 | D7: 3866 | E7: 1869 | F7: 421 | G7: 27 | H7: 30 | I7: 6 | J7: 0 | K7: 0 | L7: =B7+D7+F7+H7+J7 -> 7043 | M7: =C7+E7+G7+I7+K7 -> 2846 | N7: =L7+M7 -> 9889
A8: 2. Pencari kerja yang terdaftar pada bulan ini | B8: 9 | C8: 5 | D8: 39 | E8: 10 | F8: 8 | G8: 2 | H8: 0 | I8: 0 | J8: 0 | K8: 0 | L8: =J8+B8+D8+F8+H8 -> 56 | M8: =K8+C8+E8+G8+I8 -> 17 | N8: =L8+M8 -> 73
A9: A. JUMLAH (1+2) | B9: =B7+B8 -> 2735 | C9: =C7+C8 -> 949 | D9: =D7+D8 -> 3905 | E9: =E7+E8 -> 1879 | F9: =F7+F8 -> 429 | G9: =G7+G8 -> 29 | H9: =H7+H8 -> 30 | I9: =I7+I8 -> 6 | ... K9: =K7+K8 -> 0 | L9: =J9+B9+D9+F9+H9 -> 7099 | M9: =K9+C9+E9+G9+I9 -> 2863 | N9: =L9+M9 -> 9962
A10: 3. Pencari kerja yang ditempatkan pada bulan ini | B10: 0 | C10: 0 | D10: 0 | E10: 0 | F10: 0 | G10: 0 | H10: 0 | I10: 0 | J10: 0 | K10: 0 | L10: =J10+B10+D10+F10+H10 -> 0 | M10: =K10+C10+E10+G10+I10 -> 0 | N10: =L10+M10 -> 0
A11: 4. Pencari kerja yang dihapuskan pada bulan ini | B11: 0 | C11: 0 | D11: 0 | E11: 0 | F11: 0 | G11: 0 | H11: 0 | I11: 0 | J11: 0 | K11: 0 | L11: =J11+B11+D11+F11+H11 -> 0 | M11: =K11+C11+E11+G11+I11 -> 0 | N11: =L11+M11 -> 0
A12: B. JUMLAH (3+4) | B12: =B10+B11 -> 0 | C12: =C10+C11 -> 0 | D12: =D10+D11 -> 0 | E12: =E10+E11 -> 0 | F12: =F10+F11 -> 0 | G12: =G10+G11 -> 0 | H12: =H10+H11 -> 0 | I12: =I10+I11 -> 0 | ... M12: =M10+M11 -> 0 | N12: =L12+M12 -> 0
A13: 5. Pencari kerja yang belum ditempatkan pada akhir bulan ini (A-B) | B13: =B9-B12 -> 2735 | C13: =C9-C12 -> 949 | D13: =D9-D12 -> 3905 | E13: =E9-E12 -> 1879 | F13: =F9-F12 -> 429 | G13: =G9-G12 -> 29 | H13: =H9-H12 -> 30 | I13: =I9-I12 -> 6 | ... M13: =M9-M12 -> 2863 | N13: =L13+M13 -> 9962
A14: II. LOWONGAN | B14: L | C14: W | D14: L+W
A15: 1 | B15: 2 | C15: 3 | D15: 4
A16: 1. Lowongan yang belum dipenuhi pada akhir bulan lalu | B16: 485 | C16: 17 | D16: =B16+C16 -> 502
A17: 2. Lowongan yang terdaftar bulan ini | B17: 0 | C17: 0 | D17: =B17+C17 -> 0
A18: C. JUMLAH (1+2) | B18: =B16+B17 -> 485 | C18: =C16+C17 -> 17 | D18: =D16+D17 -> 502
A19: 3. Lowongan yang dipenuhi bulan ini | B19: =L10 -> 0 | C19: =M10 -> 0 | D19: =B19+C19 -> 0
A20: 4. Lowongan yang dihapuskan bulan ini | B20: 0 | C20: 0 | D20: =B20+C20 -> 0
A21: D. JUMLAH (3+4) | B21: =B19+B20 -> 0 | C21: =C19+C20 -> 0 | D21: =D19+D20 -> 0
A22: 5. Lowongan yang belum dipenuhi akhir bulan ini (C-D) | B22: =B18-B21 -> 485 | C22: =C18-C21 -> 17 | D22: =D18-D21 -> 502

Sheet ipk3.2
A1: IPK III/2: PENCARI KERJA YANG TERDAFTAR, DITEMPATKAN DAN DIHAPUSKAN DI
A2: KABUPATEN PASER MENURUT JENIS PENDIDIKAN
A3: ='ipk3.1'!A2 -> PADA TANGGAL : 1 AGUSTUS 2025 s/d 31 AGUSTUS 2025
A5: Kode | B5: Jenis Pendidikan | C5: Sisa akhir bulan lalu | E5: Pendaftaran bulan ini | G5: Penempatan bulan ini | I5: Penghapusan bulan ini | K5: Sisa akhir bulan ini
C6: L | D6: W | E6: L | F6: W | G6: L | H6: W | I6: L | J6: W | K6: L | L6: W
A7: 1 | C7: 2 | D7: 3 | E7: 4 | F7: 5 | G7: 6 | H7: 7 | I7: 8 | J7: 9 | K7: 10 | L7: 11
A8: 1000 | B8: SEKOLAH DASAR
A9: 1101 | B9: TIDAK TAMAT SD | C9: 87 | D9: 7 | E9: 0 | F9: 0 | G9: 0 | H9: 0 | I9: 0 | J9: 0 | K9: =C9+E9-G9-I9 -> 87 | L9: =D9+F9-H9-J9 -> 7
A10: 1102 | B10: TAMAT SD | C10: 89 | D10: 0 | E10: 0 | F10: 0 | G10: 0 | H10: 0 | I10: 0 | J10: 0 | K10: =C10+E10-G10-I10 -> 89 | L10: =D10+F10-H10-J10 -> 0
A11: 1103 | B11: SETINGKAT SD | C11: 0 | D11: 0 | E11: 0 | F11: 0 | G11: 0 | H11: 0 | I11: 0 | J11: 0 | K11: =C11+E11-G11-I11 -> 0 | L11: =D11+F11-H11-J11 -> 0
A12: 1199 | B12: SD - TAK TERDEFINISI | C12: 0 | D12: 0 | E12: 0 | F12: 0 | G12: 0 | H12: 0 | I12: 0 | J12: 0 | K12: =C12+E12-G12-I12 -> 0 | L12: =D12+F12-H12-J12 -> 0
A13: 2000 | B13: PENDIDIKAN MENENGAH PERTAMA
A14: 2101 | B14: SEKOLAH MENENGAH PERTAMA | C14: 194 | D14: 52 | E14: 1 | F14: 0 | G14: 0 | H14: 0 | I14: 0 | J14: 0 | K14: =C14+E14-G14-I14 -> 195 | L14: =D14+F14-H14-J14 -> 52
A15: 2102 | B15: MADRASAH DINIYAH SANAWIYAH | C15: 58 | D15: 8 | E15: 0 | F15: 0 | G15: 0 | H15: 0 | I15: 0 | J15: 0 | K15: =C15+E15-G15-I15 -> 58 | L15: =D15+F15-H15-J15 -> 8
A16: 2103 | B16: SLTP LAINNYA | C16: 66 | D16: 12 | E16: 0 | F16: 0 | G16: 0 | H16: 0 | I16: 0 | J16: 0 | K16: =C16+E16-G16-I16 -> 66 | L16: =D16+F16-H16-J16 -> 12
A17: 2104 | B17: SLTP KEJURUAN | C17: 0 | D17: 0 | E17: 0 | F17: 0 | G17: 0 | H17: 0 | I17: 0 | J17: 0 | K17: =C17+E17-G17-I17 -> 0 | L17: =D17+F17-H17-J17 -> 0
A18: 2199 | B18: SLTP - TAK TERDEFINISI | C18: 0 | D18: 0 | E18: 0 | F18: 0 | G18: 0 | H18: 0 | I18: 0 | J18: 0 | K18: =C18+E18-G18-I18 -> 0 | L18: =D18+F18-H18-J18 -> 0
A19: 3000 | B19: PENDIDIKAN MENENGAH ATAS
A20: 3101 | B20: TEKNIK BANGUNAN | C20: 194 | D20: 18 | E20: 0 | F20: 0 | G20: 0 | H20: 0 | I20: 0 | J20: 0 | K20: =C20+E20-G20-I20 -> 194 | L20: =D20+F20-H20-J20 -> 18
A21: 3102 | B21: TEKNIK PLUMBING DAN SANITASI | C21: 0 | D21: 0 | E21: 0 | F21: 0 | G21: 0 | H21: 0 | I21: 0 | J21: 0 | K21: =C21+E21-G21-I21 -> 0 | L21: =D21+F21-H21-J21 -> 0
A22: 3103 | B22: TEKNIK SURVEI DAN PEMETAAN | C22: 4 | D22: 0 | E22: 0 | F22: 0 | G22: 0 | H22: 0 | I22: 0 | J22: 0 | K22: =C22+E22-G22-I22 -> 4 | L22: =D22+F22-H22-J22 -> 0
A23: 3104 | B23: TEKNIK KETENAGALISTRIKAN | C23: 310 | D23: 6 | E23: 3 | F23: 0 | G23: 0 | H23: 0 | I23: 0 | J23: 0 | K23: =C23+E23-G23-I23 -> 313 | L23: =D23+F23-H23-J23 -> 6
A24: 3105 | B24: TEKNIK PENDINGINAN DAN TATA UDARA | C24: 27 | D24: 4 | E24: 0 | F24: 0 | G24: 0 | H24: 0 | I24: 0 | J24: 0 | K24: =C24+E24-G24-I24 -> 27 | L24: =D24+F24-H24-J24 -> 4
A25: 3106 | B25: TEKNIK MESIN | C25: 173 | D25: 3 | E25: 0 | F25: 0 | G25: 0 | H25: 0 | I25: 0 | J25: 0 | K25: =C25+E25-G25-I25 -> 173 | L25: =D25+F25-H25-J25 -> 3
A26: 3107 | B26: TEKNIK OTOMOTIF | C26: 744 | D26: 14 | E26: 10 | F26: 0 | G26: 0 | H26: 0 | I26: 0 | J26: 0 | K26: =C26+E26-G26-I26 -> 754 | L26: =D26+F26-H26-J26 -> 14
A27: 3108 | B27: TEKNOLOGI PESAWAT UDARA | C27: 2 | D27: 0 | E27: 0 | F27: 0 | G27: 0 | H27: 0 | I27: 0 | J27: 0 | K27: =C27+E27-G27-I27 -> 2 | L27: =D27+F27-H27-J27 -> 0
A28: 3109 | B28: TEKNIK PERKAPALAN | C28: 3 | D28: 0 | E28: 0 | F28: 0 | G28: 0 | H28: 0 | I28: 0 | J28: 0 | K28: =C28+E28-G28-I28 -> 3 | L28: =D28+F28-H28-J28 -> 0
A29: 3110 | B29: TEKNOLOGI TEKSTIL | C29: 0 | D29: 1 | E29: 0 | F29: 0 | G29: 0 | H29: 0 | I29: 0 | J29: 0 | K29: =C29+E29-G29-I29 -> 0 | L29: =D29+F29-H29-J29 -> 1
A30: 3111 | B30: TEKNIK GRAFIKA | C30: 0 | D30: 0 | E30: 0 | F30: 0 | G30: 0 | H30: 0 | I30: 0 | J30: 0 | K30: =C30+E30-G30-I30 -> 0 | L30: =D30+F30-H30-J30 -> 0
A31: 3112 | B31: GEOLOGI PERTAMBANGAN | C31: 27 | D31: 3 | E31: 0 | F31: 0 | G31: 0 | H31: 0 | I31: 0 | J31: 0 | K31: =C31+E31-G31-I31 -> 27 | L31: =D31+F31-H31-J31 -> 3
... A63: 3802 | B63: MADRASAH DINIYAH ALIYAH | C63: 520 | D63: 249 | E63: 4 | F63: 2 | G63: 0 | H63: 0 | I63: 0 | J63: 0 | K63: =C63+E63-G63-I63 -> 524 | L63: =D63+F63-H63-J63 -> 251
A64: 4000 | B64: DIPLOMA I / AKTA I
A65: 4101 | B65: PENDIDIKAN | C65: 0 | D65: 0 | E65: 0 | F65: 0 | G65: 0 | H65: 0 | I65: 0 | J65: 0 | K65: =C65+E65-G65-I65 -> 0 | L65: =D65+F65-H65-J65 -> 0
A66: 4102 | B66: PENDIDIKAN LUAR SEKOLAH | C66: 0 | D66: 0 | E66: 0 | F66: 0 | G66: 0 | H66: 0 | I66: 0 | J66: 0 | K66: =C66+E66-G66-I66 -> 0 | L66: =D66+F66-H66-J66 -> 0
A67: 4103 | B67: PENDIDIKAN KESEJAHTERAAN SOSIAL | C67: 0 | D67: 0 | E67: 0 | F67: 0 | G67: 0 | H67: 0 | I67: 0 | J67: 0 | K67: =C67+E67-G67-I67 -> 0 | L67: =D67+F67-H67-J67 -> 0
A68: 4104 | B68: PSIKOLOGI | C68: 0 | D68: 0 | E68: 0 | F68: 0 | G68: 0 | H68: 0 | I68: 0 | J68: 0 | K68: =C68+E68-G68-I68 -> 0 | L68: =D68+F68-H68-J68 -> 0
A69: 4105 | B69: ILMU PENGETAHUAN SOSIAL | C69: 0 | D69: 0 | E69: 0 | F69: 0 | G69: 0 | H69: 0 | I69: 0 | J69: 0 | K69: =C69+E69-G69-I69 -> 0 | L69: =D69+F69-H69-J69 -> 0
A70: 4106 | B70: PENDIDIKAN MORAL PANCASILA | C70: 0 | D70: 0 | E70: 0 | F70: 0 | G70: 0 | H70: 0 | I70: 0 | J70: 0 | K70: =C70+E70-G70-I70 -> 0 | L70: =D70+F70-H70-J70 -> 0
A71: 4107 | B71: ADMINISTRASI KEUANGAN | C71: 0 | D71: 0 | E71: 0 | F71: 0 | G71: 0 | H71: 0 | I71: 0 | J71: 0 | K71: =C71+E71-G71-I71 -> 0 | L71: =D71+F71-H71-J71 -> 0
A72: 4108 | B72: ANTROPOLOGI | C72: 0 | D72: 0 | E72: 0 | F72: 0 | G72: 0 | H72: 0 | I72: 0 | J72: 0 | K72: =C72+E72-G72-I72 -> 0 | L72: =D72+F72-H72-J72 -> 0
A73: 4109 | B73: SEJARAH | C73: 0 | D73: 0 | E73: 0 | F73: 0 | G73: 0 | H73: 0 | I73: 0 | J73: 0 | K73: =C73+E73-G73-I73 -> 0 | L73: =D73+F73-H73-J73 -> 0
A74: 4110 | B74: HUKUM | C74: 0 | D74: 0 | E74: 0 | F74: 0 | G74: 0 | H74: 0 | I74: 0 | J74: 0 | K74: =C74+E74-G74-I74 -> 0 | L74: =D74+F74-H74-J74 -> 0
A75: 4111 | B75: KESEKRETARIATAN | C75: 0 | D75: 0 | E75: 0 | F75: 0 | G75: 0 | H75: 0 | I75: 0 | J75: 0 | K75: =C75+E75-G75-I75 -> 0 | L75: =D75+F75-H75-J75 -> 0
A76: 4112 | B76: OLAH RAGA KESEHATAN | C76: 0 | D76: 0 | E76: 0 | F76: 0 | G76: 0 | H76: 0 | I76: 0 | J76: 0 | K76: =C76+E76-G76-I76 -> 0 | L76: =D76+F76-H76-J76 -> 0
... A94: 4199 | B94: DIPLOMA I - TAK TERDEFINISI | C94: 0 | D94: 3 | E94: 0 | F94: 0 | G94: 0 | H94: 0 | I94: 0 | J94: 0 | K94: =C94+E94-G94-I94 -> 0 | L94: =D94+F94-H94-J94 -> 3
A95: 4000 | B95: DIPLOMA II/AKTA II
A96: 4201 | B96: PENDIDIKAN | C96: 2 | D96: 1 | E96: 0 | F96: 0 | G96: 0 | H96: 0 | I96: 0 | J96: 0 | K96: =C96+E96-G96-I96 -> 2 | L96: =D96+F96-H96-J96 -> 1
A97: 4202 | B97: PENDIDIKAN SOSIAL | C97: 0 | D97: 0 | E97: 0 | F97: 0 | G97: 0 | H97: 0 | I97: 0 | J97: 0 | K97: =C97+E97-G97-I97 -> 0 | L97: =D97+F97-H97-J97 -> 0
A98: 4203 | B98: PENDIDIKAN LUAR SEKOLAH | C98: 0 | D98: 0 | E98: 0 | F98: 0 | G98: 0 | H98: 0 | I98: 0 | J98: 0 | K98: =C98+E98-G98-I98 -> 0 | L98: =D98+F98-H98-J98 -> 0
A99: 4204 | B99: PSIKOLOGI | C99: 0 | D99: 0 | E99: 0 | F99: 0 | G99: 0 | H99: 0 | I99: 0 | J99: 0 | K99: =C99+E99-G99-I99 -> 0 | L99: =D99+F99-H99-J99 -> 0
A100: 4205 | B100: PENDIDIKAN MORAL PANCASILA | C100: 0 | D100: 0 | E100: 0 | F100: 0 | G100: 0 | H100: 0 | I100: 0 | J100: 0 | K100: =C100+E100-G100-I100 -> 0 | L100: =D100+F100-H100-J100 -> 0
A101: 4206 | B101: ANTROPOLOGI | C101: 0 | D101: 0 | E101: 0 | F101: 0 | G101: 0 | H101: 0 | I101: 0 | J101: 0 | K101: =C101+E101-G101-I101 -> 0 | L101: =D101+F101-H101-J101 -> 0
A102: 4207 | B102: SEJARAH | C102: 0 | D102: 0 | E102: 0 | F102: 0 | G102: 0 | H102: 0 | I102: 0 | J102: 0 | K102: =C102+E102-G102-I102 -> 0 | L102: =D102+F102-H102-J102 -> 0
A103: 4208 | B103: HUKUM | C103: 0 | D103: 0 | E103: 0 | F103: 0 | G103: 0 | H103: 0 | I103: 0 | J103: 0 | K103: =C103+E103-G103-I103 -> 0 | L103: =D103+F103-H103-J103 -> 0
A104: 4209 | B104: PENDIDIKAN KESEJAHTERAAN KELUARGA | C104: 0 | D104: 0 | E104: 0 | F104: 0 | G104: 0 | H104: 0 | I104: 0 | J104: 0 | K104: =C104+E104-G104-I104 -> 0 | L104: =D104+F104-H104-J104 -> 0
A105: 4210 | B105: EKONOMI | C105: 0 | D105: 0 | E105: 0 | F105: 0 | G105: 0 | H105: 0 | I105: 0 | J105: 0 | K105: =C105+E105-G105-I105 -> 0 | L105: =D105+F105-H105-J105 -> 0
A106: 4211 | B106: KESENIAN | C106: 0 | D106: 0 | E106: 0 | F106: 0 | G106: 0 | H106: 0 | I106: 0 | J106: 0 | K106: =C106+E106-G106-I106 -> 0 | L106: =D106+F106-H106-J106 -> 0
A107: 4212 | B107: KESEKRETARIATAN | C107: 0 | D107: 0 | E107: 0 | F107: 0 | G107: 0 | H107: 0 | I107: 0 | J107: 0 | K107: =C107+E107-G107-I107 -> 0 | L107: =D107+F107-H107-J107 -> 0
... A126: 4299 | B126: DIPLOMA II - TAK TERDEFINISI | C126: 6 | D126: 1 | E126: 0 | F126: 0 | G126: 0 | H126: 0 | I126: 0 | J126: 0 | K126: =C126+E126-G126-I126 -> 6 | L126: =D126+F126-H126-J126 -> 1
A127: 5000 | B127: DIPLOMA III/AKTA III/AKADEMI/S.MUDA
A128: 5101 | B128: FISIKA | C128: 0 | D128: 0 | E128: 0 | F128: 0 | G128: 0 | H128: 0 | I128: 0 | J128: 0 | K128: =C128+E128-G128-I128 -> 0 | L128: =D128+F128-H128-J128 -> 0
A129: 5102 | B129: ASTRONOMI | C129: 0 | D129: 0 | E129: 0 | F129: 0 | G129: 0 | H129: 0 | I129: 0 | J129: 0 | K129: =C129+E129-G129-I129 -> 0 | L129: =D129+F129-H129-J129 -> 0
A130: 5103 | B130: BIOLOGI | C130: 0 | D130: 0 | E130: 0 | F130: 0 | G130: 0 | H130: 0 | I130: 0 | J130: 0 | K130: =C130+E130-G130-I130 -> 0 | L130: =D130+F130-H130-J130 -> 0
A131: 5104 | B131: GEOLOGI DAN PERTAMBANGAN | C131: 0 | D131: 0 | E131: 0 | F131: 0 | G131: 0 | H131: 0 | I131: 0 | J131: 0 | K131: =C131+E131-G131-I131 -> 0 | L131: =D131+F131-H131-J131 -> 0
A132: 5105 | B132: METEOROLOGI DAN GEOFISIKA | C132: 0 | D132: 0 | E132: 0 | F132: 0 | G132: 0 | H132: 0 | I132: 0 | J132: 0 | K132: =C132+E132-G132-I132 -> 0 | L132: =D132+F132-H132-J132 -> 0
A133: 5106 | B133: GEOGRAFI | C133: 0 | D133: 0 | E133: 0 | F133: 0 | G133: 0 | H133: 0 | I133: 0 | J133: 0 | K133: =C133+E133-G133-I133 -> 0 | L133: =D133+F133-H133-J133 -> 0
A134: 5107 | B134: MATEMATIKA | C134: 0 | D134: 0 | E134: 0 | F134: 0 | G134: 0 | H134: 0 | I134: 0 | J134: 0 | K134: =C134+E134-G134-I134 -> 0 | L134: =D134+F134-H134-J134 -> 0
A135: 5108 | B135: ILMU STATISTIK | C135: 0 | D135: 0 | E135: 0 | F135: 0 | G135: 0 | H135: 0 | I135: 0 | J135: 0 | K135: =C135+E135-G135-I135 -> 0 | L135: =D135+F135-H135-J135 -> 0
A136: 5109 | B136: ILMU KOMPUTER | C136: 13 | D136: 1 | E136: 0 | F136: 0 | G136: 0 | H136: 0 | I136: 0 | J136: 0 | K136: =C136+E136-G136-I136 -> 13 | L136: =D136+F136-H136-J136 -> 1
A137: 5110 | B137: KIMIA | C137: 0 | D137: 0 | E137: 0 | F137: 0 | G137: 0 | H137: 0 | I137: 0 | J137: 0 | K137: =C137+E137-G137-I137 -> 0 | L137: =D137+F137-H137-J137 -> 0
A138: 5111 | B138: ILMU PASTI/ALAM LAINNYA | C138: 0 | D138: 0 | E138: 0 | F138: 0 | G138: 0 | H138: 0 | I138: 0 | J138: 0 | K138: =C138+E138-G138-I138 -> 0 | L138: =D138+F138-H138-J138 -> 0
A139: 5199 | B139: ILMU PASTI - TAK TERDEFINISI | C139: 0 | D139: 0 | E139: 0 | F139: 0 | G139: 0 | H139: 0 | I139: 0 | J139: 0 | K139: =C139+E139-G139-I139 -> 0 | L139: =D139+F139-H139-J139 -> 0
... A261: 5699 | B261: ILMU PENDIDIKAN DAN KEGURUAN - TAK TERDEFINISI | C261: 0 | D261: 0 | E261: 0 | F261: 0 | G261: 0 | H261: 0 | I261: 0 | J261: 0 | K261: =C261+E261-G261-I261 -> 0 | L261: =D261+F261-H261-J261 -> 0
A262: 6000 | B262: SARJANA (S1)
A263: 6101 | B263: FISIKA | C263: 3 | D263: 2 | E263: 0 | F263: 0 | G263: 0 | H263: 0 | I263: 0 | J263: 0 | K263: =C263+E263-G263-I263 -> 3 | L263: =D263+F263-H263-J263 -> 2
A264: 6102 | B264: ILMU GEOLOGI | C264: 0 | D264: 0 | E264: 0 | F264: 0 | G264: 0 | H264: 0 | I264: 0 | J264: 0 | K264: =C264+E264-G264-I264 -> 0 | L264: =D264+F264-H264-J264 -> 0
A265: 6103 | B265: KIMIA | C265: 4 | D265: 6 | E265: 1 | F265: 0 | G265: 0 | H265: 0 | I265: 0 | J265: 0 | K265: =C265+E265-G265-I265 -> 5 | L265: =D265+F265-H265-J265 -> 6
A266: 6104 | B266: BIOLOGI | C266: 2 | D266: 1 | E266: 0 | F266: 0 | G266: 0 | H266: 0 | I266: 0 | J266: 0 | K266: =C266+E266-G266-I266 -> 2 | L266: =D266+F266-H266-J266 -> 1
A267: 6105 | B267: METEROLOGI DAN GEOPISIKA | C267: 0 | D267: 0 | E267: 0 | F267: 0 | G267: 0 | H267: 0 | I267: 0 | J267: 0 | K267: =C267+E267-G267-I267 -> 0 | L267: =D267+F267-H267-J267 -> 0
A268: 6106 | B268: MATEMATIKA | C268: 0 | D268: 4 | E268: 0 | F268: 0 | G268: 0 | H268: 0 | I268: 0 | J268: 0 | K268: =C268+E268-G268-I268 -> 0 | L268: =D268+F268-H268-J268 -> 4
A269: 6107 | B269: STATISTIK | C269: 0 | D269: 10 | E269: 0 | F269: 0 | G269: 0 | H269: 0 | I269: 0 | J269: 0 | K269: =C269+E269-G269-I269 -> 0 | L269: =D269+F269-H269-J269 -> 10
A270: 6108 | B270: KOMPUTER | C270: 78 | D270: 24 | E270: 1 | F270: 0 | G270: 0 | H270: 0 | I270: 0 | J270: 0 | K270: =C270+E270-G270-I270 -> 79 | L270: =D270+F270-H270-J270 -> 24
A271: 6109 | B271: ILMU PASTI/ILMU ALAM LAINNYA | C271: 0 | D271: 0 | E271: 0 | F271: 0 | G271: 0 | H271: 0 | I271: 0 | J271: 0 | K271: =C271+E271-G271-I271 -> 0 | L271: =D271+F271-H271-J271 -> 0
A272: 6199 | B272: ILMU PASTI/ILMU ALAM - TAK TERDEFINISI | C272: 0 | D272: 0 | E272: 0 | F272: 0 | G272: 0 | H272: 0 | I272: 0 | J272: 0 | K272: =C272+E272-G272-I272 -> 0 | L272: =D272+F272-H272-J272 -> 0
A273: 6201 | B273: TEKNIK GEODESI/GEOLOGI | C273: 2 | D273: 1 | E273: 0 | F273: 0 | G273: 0 | H273: 0 | I273: 0 | J273: 0 | K273: =C273+E273-G273-I273 -> 2 | L273: =D273+F273-H273-J273 -> 1
A274: 6202 | B274: TEKNIK KIMIA | C274: 3 | D274: 7 | E274: 0 | F274: 0 | G274: 0 | H274: 0 | I274: 0 | J274: 0 | K274: =C274+E274-G274-I274 -> 3 | L274: =D274+F274-H274-J274 -> 7
... A377: 6699 | B377: ILMU PENDIDIKAN DAN KEGURUAN - TAK TERDEFINISI | C377: 15 | D377: 51 | E377: 0 | F377: 0 | G377: 0 | H377: 0 | I377: 0 | J377: 0 | K377: =C377+E377-G377-I377 -> 15 | L377: =D377+F377-H377-J377 -> 51
A378: 7000 | B378: SARJANA (S2)
A379: 7101 | B379: FISIKA | C379: 0 | D379: 0 | E379: 0 | F379: 0 | G379: 0 | H379: 0 | I379: 0 | J379: 0 | K379: =C379+E379-G379-I379 -> 0 | L379: =D379+F379-H379-J379 -> 0
A380: 7102 | B380: ILMU GEOLOGI | C380: 0 | D380: 0 | E380: 0 | F380: 0 | G380: 0 | H380: 0 | I380: 0 | J380: 0 | K380: =C380+E380-G380-I380 -> 0 | L380: =D380+F380-H380-J380 -> 0
A381: 7103 | B381: KIMIA | C381: 0 | D381: 0 | E381: 0 | F381: 0 | G381: 0 | H381: 0 | I381: 0 | J381: 0 | K381: =C381+E381-G381-I381 -> 0 | L381: =D381+F381-H381-J381 -> 0
A382: 7104 | B382: BIOLOGI | C382: 0 | D382: 0 | E382: 0 | F382: 0 | G382: 0 | H382: 0 | I382: 0 | J382: 0 | K382: =C382+E382-G382-I382 -> 0 | L382: =D382+F382-H382-J382 -> 0
A383: 7105 | B383: METEROLOGI DAN GEOPISIKA | C383: 0 | D383: 0 | E383: 0 | F383: 0 | G383: 0 | H383: 0 | I383: 0 | J383: 0 | K383: =C383+E383-G383-I383 -> 0 | L383: =D383+F383-H383-J383 -> 0
A384: 7106 | B384: MATEMATIKA | C384: 0 | D384: 0 | E384: 0 | F384: 0 | G384: 0 | H384: 0 | I384: 0 | J384: 0 | K384: =C384+E384-G384-I384 -> 0 | L384: =D384+F384-H384-J384 -> 0
A385: 7107 | B385: STATISTIK | C385: 0 | D385: 0 | E385: 0 | F385: 0 | G385: 0 | H385: 0 | I385: 0 | J385: 0 | K385: =C385+E385-G385-I385 -> 0 | L385: =D385+F385-H385-J385 -> 0
A386: 7108 | B386: KOMPUTER | C386: 0 | D386: 0 | E386: 0 | F386: 0 | G386: 0 | H386: 0 | I386: 0 | J386: 0 | K386: =C386+E386-G386-I386 -> 0 | L386: =D386+F386-H386-J386 -> 0
A387: 7109 | B387: ILMU PASTI/ILMU ALAM LAINNYA | C387: 1 | D387: 0 | E387: 0 | F387: 0 | G387: 0 | H387: 0 | I387: 0 | J387: 0 | K387: =C387+E387-G387-I387 -> 1 | L387: =D387+F387-H387-J387 -> 0
A388: 7199 | B388: ILMU PASTI/ILMU ALAM - TAK TERDEFINISI | C388: 0 | D388: 0 | E388: 0 | F388: 0 | G388: 0 | H388: 0 | I388: 0 | J388: 0 | K388: =C388+E388-G388-I388 -> 0 | L388: =D388+F388-H388-J388 -> 0
A389: 7201 | B389: TEKNIK GEODESI/GEOLOGI | C389: 0 | D389: 0 | E389: 0 | F389: 0 | G389: 0 | H389: 0 | I389: 0 | J389: 0 | K389: =C389+E389-G389-I389 -> 0 | L389: =D389+F389-H389-J389 -> 0
A390: 7202 | B390: TEKNIK KIMIA | C390: 0 | D390: 0 | E390: 0 | F390: 0 | G390: 0 | H390: 0 | I390: 0 | J390: 0 | K390: =C390+E390-G390-I390 -> 0 | L390: =D390+F390-H390-J390 -> 0
...

Sheet ipk3.3
A1: IPK III/3: PENCARI KERJA YANG TERDAFTAR, DITEMPATKAN DAN DIHAPUSKAN DI
A2: KABUPATEN PASER TIMUR MENURUT GOLONGAN JABATAN
A3: ='ipk3.2'!A3 -> PADA TANGGAL : 1 AGUSTUS 2025 s/d 31 AGUSTUS 2025
A5: Kode | B5: Jenis Golongan Pokok Jabatan | C5: Sisa akhir bulan lalu | E5: Pendaftaran bulan ini | G5: Penempatan bulan ini | I5: Penghapuskan bulan ini | K5: Sisa akhir bulan ini
C6: L | D6: W | E6: L | F6: W | G6: L | H6: W | I6: L | J6: W | K6: L | L6: W
A7: 1 | C7: 2 | D7: 3 | E7: 4 | F7: 5 | G7: 6 | H7: 7 | I7: 8 | J7: 9 | K7: 10 | L7: 11
A8: 0 | B8: ANGGOTA ANGKATAN BERSENJATA (KECUALI KEPOLISIAN)
A9: 110 | B9: ANGGOTA ANGKATAN BERSENJATA | C9: 0 | D9: 0 | E9: 0 | F9: 0 | G9: 0 | H9: 0 | I9: 0 | J9: 0 | K9: =C9+E9-G9-I9 -> 0 | L9: =D9+F9-H9-J9 -> 0
A10: 1 | B10: ANGGOTA BADAN LEGISLATIF, PEJABAT TINGGI PEMERINTAH
A11: 1110 | B11: ANGGOTA BADAN LEGISLATIF | C11: 0 | D11: 0 | E11: 0 | F11: 0 | G11: 0 | H11: 0 | I11: 0 | J11: 0 | K11: =C11+E11-G11-I11 -> 0 | L11: =D11+F11-H11-J11 -> 0
A12: 1120 | B12: PEJABAT TINGGI PEMERINTAH | C12: 4 | D12: 2 | E12: 0 | F12: 0 | G12: 0 | H12: 0 | I12: 0 | J12: 0 | K12: =C12+E12-G12-I12 -> 4 | L12: =D12+F12-H12-J12 -> 2
A13: 1130 | B13: KEPALA DESA DAN LURAH | C13: 0 | D13: 0 | E13: 0 | F13: 0 | G13: 0 | H13: 0 | I13: 0 | J13: 0 | K13: =C13+E13-G13-I13 -> 0 | L13: =D13+F13-H13-J13 -> 0
A14: 1141 | B14: PEMIMPIN ORGANISASI PARTAI POLITIK | C14: 0 | D14: 0 | E14: 0 | F14: 0 | G14: 0 | H14: 0 | I14: 0 | J14: 0 | K14: =C14+E14-G14-I14 -> 0 | L14: =D14+F14-H14-J14 -> 0
A15: 1142 | B15: PIMPINAN ORGANISASI PENGUSAHA, PEKERJA DAN ORGANISASI YANG BERKAITAN DENGAN KEPENTINGAN DARI ORGANISASI EKONOMI | C15: 1 | D15: 0 | E15: 0 | F15: 0 | G15: 0 | H15: 0 | I15: 0 | J15: 0 | K15: =C15+E15-G15-I15 -> 1 | L15: =D15+F15-H15-J15 -> 0
A16: 1143 | B16: PIMPINAN ORGANISASI KEMANUSIAAN DAN ORGANISASI KHUSUS | C16: 0 | D16: 0 | E16: 0 | F16: 0 | G16: 0 | H16: 0 | I16: 0 | J16: 0 | K16: =C16+E16-G16-I16 -> 0 | L16: =D16+F16-H16-J16 -> 0
A17: 1210 | B17: DIREKTUR DAN KEPALA EKSEKUTIF | C17: 0 | D17: 0 | E17: 0 | F17: 0 | G17: 0 | H17: 0 | I17: 0 | J17: 0 | K17: =C17+E17-G17-I17 -> 0 | L17: =D17+F17-H17-J17 -> 0
A18: 1221 | B18: MANAJER PRODUKSI DAN OPERASI DALAM BIDANG PERTANIAN PERBURUAN DAN PERIKANAN | C18: 1 | D18: 0 | E18: 0 | F18: 0 | G18: 0 | H18: 0 | I18: 0 | J18: 0 | K18: =C18+E18-G18-I18 -> 1 | L18: =D18+F18-H18-J18 -> 0
A19: 1223 | B19: MANAJER PRODUKSI DAN OPERASI DALAM BIDANG KONSTRUKSI | C19: 0 | D19: 0 | E19: 0 | F19: 0 | G19: 0 | H19: 0 | I19: 0 | J19: 0 | K19: =C19+E19-G19-I19 -> 0 | L19: =D19+F19-H19-J19 -> 0
A20: 1224 | B20: MANAJER PRODUKSI DAN OPERASI DOKUMEN DALAM BIDANG PERDAGANGAN BESAR DAN ECERAN | C20: 0 | D20: 0 | E20: 0 | F20: 0 | G20: 0 | H20: 0 | I20: 0 | J20: 0 | K20: =C20+E20-G20-I20 -> 0 | L20: =D20+F20-H20-J20 -> 0
A21: 1225 | B21: MANAJER PRODUKSI DAN OPERASI DALAM BIDANG HOTEL DAN RESTORAN | C21: 0 | D21: 0 | E21: 0 | F21: 0 | G21: 0 | H21: 0 | I21: 0 | J21: 0 | K21: =C21+E21-G21-I21 -> 0 | L21: =D21+F21-H21-J21 -> 0
A22: 1226 | B22: MANAJER PRODUKSI DAN OPERASI DALAM BIDANG ANGKUTAN (LAYANAN TELEKOMUNIKASI) PERGUDANGAN & KOMUNIKASI | C22: 0 | D22: 0 | E22: 0 | F22: 0 | G22: 0 | H22: 0 | I22: 0 | J22: 0 | K22: =C22+E22-G22-I22 -> 0 | L22: =D22+F22-H22-J22 -> 0
... A39: 1319 | B39: MANAJER UMUM YANG TIDAK DAPAT DIKLASIFIKASIKAN PADA SUB GOL 1311 SAMPAI DENGAN 1318 | C39: 1 | D39: 1 | E39: 0 | F39: 0 | G39: 0 | H39: 0 | I39: 0 | J39: 0 | K39: =C39+E39-G39-I39 -> 1 | L39: =D39+F39-H39-J39 -> 1
A40: 2 | B40: TENAGA PROFESIONAL
A41: 2111 | B41: PAKAR FISIKA DAN ASTRONOMI | C41: 0 | D41: 0 | E41: 0 | F41: 0 | G41: 0 | H41: 0 | I41: 0 | J41: 0 | K41: =C41+E41-G41-I41 -> 0 | L41: =D41+F41-H41-J41 -> 0
A42: 2112 | B42: PAKAR METEOROLOGI | C42: 0 | D42: 0 | E42: 0 | F42: 0 | G42: 0 | H42: 0 | I42: 0 | J42: 0 | K42: =C42+E42-G42-I42 -> 0 | L42: =D42+F42-H42-J42 -> 0
A43: 2113 | B43: PAKAR KIMIA | C43: 0 | D43: 0 | E43: 0 | F43: 0 | G43: 0 | H43: 0 | I43: 0 | J43: 0 | K43: =C43+E43-G43-I43 -> 0 | L43: =D43+F43-H43-J43 -> 0
A44: 2114 | B44: PAKAR GEOLOGI DAN GEOFISIKA | C44: 0 | D44: 0 | E44: 0 | F44: 0 | G44: 0 | H44: 0 | I44: 0 | J44: 0 | K44: =C44+E44-G44-I44 -> 0 | L44: =D44+F44-H44-J44 -> 0
A45: 2121 | B45: PAKAR MATEMATIKA DAN PROFESI YANG SEJENIS | C45: 0 | D45: 0 | E45: 0 | F45: 0 | G45: 0 | H45: 0 | I45: 0 | J45: 0 | K45: =C45+E45-G45-I45 -> 0 | L45: =D45+F45-H45-J45 -> 0
A46: 2122 | B46: PAKAR STATISTIK | C46: 0 | D46: 4 | E46: 0 | F46: 0 | G46: 0 | H46: 0 | I46: 0 | J46: 0 | K46: =C46+E46-G46-I46 -> 0 | L46: =D46+F46-H46-J46 -> 4
A47: 2131 | B47: PERANCANG DAN ANALIS SISTEM KOMPUTER | C47: 0 | D47: 1 | E47: 0 | F47: 0 | G47: 0 | H47: 0 | I47: 0 | J47: 0 | K47: =C47+E47-G47-I47 -> 0 | L47: =D47+F47-H47-J47 -> 1
A48: 2132 | B48: PROGRAMER KOMPUTER | C48: 165 | D48: 67 | E48: 0 | F48: 0 | G48: 0 | H48: 0 | I48: 0 | J48: 0 | K48: =C48+E48-G48-I48 -> 165 | L48: =D48+F48-H48-J48 -> 67
A49: 2139 | B49: PAKAR KOMPUTER YTDL | C49: 0 | D49: 0 | E49: 0 | F49: 0 | G49: 0 | H49: 0 | I49: 0 | J49: 0 | K49: =C49+E49-G49-I49 -> 0 | L49: =D49+F49-H49-J49 -> 0
A50: 2141 | B50: ARSITEK PERENCANA TATA KOTA & LALU LINTAS | C50: 2 | D50: 2 | E50: 0 | F50: 0 | G50: 0 | H50: 0 | I50: 0 | J50: 0 | K50: =C50+E50-G50-I50 -> 2 | L50: =D50+F50-H50-J50 -> 2
A51: 2142 | B51: PEREKAYASA SIPIL | C51: 1 | D51: 6 | E51: 0 | F51: 0 | G51: 0 | H51: 0 | I51: 0 | J51: 0 | K51: =C51+E51-G51-I51 -> 1 | L51: =D51+F51-H51-J51 -> 6
A52: 2143 | B52: PEREKAYASA ELEKTRO | C52: 0 | D52: 0 | E52: 0 | F52: 0 | G52: 0 | H52: 0 | I52: 0 | J52: 0 | K52: =C52+E52-G52-I52 -> 0 | L52: =D52+F52-H52-J52 -> 0
... A92: 2460 | B92: PAKAR KEAGAMAAN | C92: 0 | D92: 0 | E92: 0 | F92: 0 | G92: 0 | H92: 0 | I92: 0 | J92: 0 | K92: =C92+E92-G92-I92 -> 0 | L92: =D92+F92-H92-J92 -> 0
A93: 3 | B93: TEKNISI DAN KELOMPOK JABATAN YANG SEJENIS
A94: 3111 | B94: TEKNISI ILMU KIMIA DAN FISIKA | C94: 0 | D94: 0 | E94: 0 | F94: 0 | G94: 0 | H94: 0 | I94: 0 | J94: 0 | K94: =C94+E94-G94-I94 -> 0 | L94: =D94+F94-H94-J94 -> 0
A95: 3112 | B95: TEKNISI PEREKAYASAAN SIPIL | C95: 9 | D95: 17 | E95: 0 | F95: 0 | G95: 0 | H95: 0 | I95: 0 | J95: 0 | K95: =C95+E95-G95-I95 -> 9 | L95: =D95+F95-H95-J95 -> 17
A96: 3113 | B96: TEKNISI PEREKAYASAAN LISTRIK | C96: 2 | D96: 0 | E96: 0 | F96: 0 | G96: 0 | H96: 0 | I96: 0 | J96: 0 | K96: =C96+E96-G96-I96 -> 2 | L96: =D96+F96-H96-J96 -> 0
A97: 3114 | B97: TEKNISI PEREKAYASAAN ELEKTRONIKA & TELEKOMUNIKASI | C97: 3 | D97: 0 | E97: 0 | F97: 0 | G97: 0 | H97: 0 | I97: 0 | J97: 0 | K97: =C97+E97-G97-I97 -> 3 | L97: =D97+F97-H97-J97 -> 0
A98: 3115 | B98: TEKNISI PEREKAYASAAN MEKANIK | C98: 179 | D98: 0 | E98: 0 | F98: 0 | G98: 0 | H98: 0 | I98: 0 | J98: 0 | K98: =C98+E98-G98-I98 -> 179 | L98: =D98+F98-H98-J98 -> 0
A99: 3116 | B99: TEKNISI PEREKAYASAAN KIMIA | C99: 34 | D99: 53 | E99: 0 | F99: 0 | G99: 0 | H99: 0 | I99: 0 | J99: 0 | K99: =C99+E99-G99-I99 -> 34 | L99: =D99+F99-H99-J99 -> 53
A100: 3117 | B100: TEKNISI PERTAMBANGAN DAN METALURGI | C100: 55 | D100: 11 | E100: 0 | F100: 0 | G100: 0 | H100: 0 | I100: 0 | J100: 0 | K100: =C100+E100-G100-I100 -> 55 | L100: =D100+F100-H100-J100 -> 11
A101: 3118 | B101: PERANCANG GAMBAR | C101: 1 | D101: 1 | E101: 0 | F101: 0 | G101: 0 | H101: 0 | I101: 0 | J101: 0 | K101: =C101+E101-G101-I101 -> 1 | L101: =D101+F101-H101-J101 -> 1
A102: 3119 | B102: TEKNISI ILMU FISIKA DAN PEREKAYASAAN YANG TIDAK DAPAT DIKLASIFKASIKAN DI 3111 S/D 3118 | C102: 1 | D102: 6 | E102: 0 | F102: 0 | G102: 0 | H102: 0 | I102: 0 | J102: 0 | K102: =C102+E102-G102-I102 -> 1 | L102: =D102+F102-H102-J102 -> 6
A103: 3121 | B103: ASISTEN KOMPUTER | C103: 25 | D103: 6 | E103: 0 | F103: 0 | G103: 0 | H103: 0 | I103: 0 | J103: 0 | K103: =C103+E103-G103-I103 -> 25 | L103: =D103+F103-H103-J103 -> 6
A104: 3122 | B104: OPERATOR PERLENGKAPAN KOMPUTER | C104: 11 | D104: 8 | E104: 0 | F104: 0 | G104: 0 | H104: 0 | I104: 0 | J104: 0 | K104: =C104+E104-G104-I104 -> 11 | L104: =D104+F104-H104-J104 -> 8
A105: 3123 | B105: PENGONTROL ROBOT INDUSTRI | C105: 0 | D105: 0 | E105: 0 | F105: 0 | G105: 0 | H105: 0 | I105: 0 | J105: 0 | K105: =C105+E105-G105-I105 -> 0 | L105: =D105+F105-H105-J105 -> 0
... A163: 3480 | B163: ASOSIASI PROFESI KEAGAMAAN | C163: 3 | D163: 0 | E163: 0 | F163: 0 | G163: 0 | H163: 0 | I163: 0 | J163: 0 | K163: =C163+E163-G163-I163 -> 3 | L163: =D163+F163-H163-J163 -> 0
A164: 4 | B164: PENATA USAHA
A165: 4111 | B165: STENOGRAF DAN PENGETIK | C165: 0 | D165: 0 | E165: 0 | F165: 0 | G165: 0 | H165: 0 | I165: 0 | J165: 0 | K165: =C165+E165-G165-I165 -> 0 | L165: =D165+F165-H165-J165 -> 0
A166: 4112 | B166: OPERATOR PENGOLAH DATA DAN SEJENIS | C166: 202 | D166: 116 | E166: 0 | F166: 0 | G166: 0 | H166: 0 | I166: 0 | J166: 0 | K166: =C166+E166-G166-I166 -> 202 | L166: =D166+F166-H166-J166 -> 116
A167: 4113 | B167: OPERATOR DATA ENTRI | C167: 37 | D167: 20 | E167: 0 | F167: 0 | G167: 0 | H167: 0 | I167: 0 | J167: 0 | K167: =C167+E167-G167-I167 -> 37 | L167: =D167+F167-H167-J167 -> 20
A168: 4114 | B168: OPERATOR MESIN PENGHITUNG | C168: 19 | D168: 0 | E168: 0 | F168: 0 | G168: 0 | H168: 0 | I168: 0 | J168: 0 | K168: =C168+E168-G168-I168 -> 19 | L168: =D168+F168-H168-J168 -> 0
A169: 4115 | B169: SEKRETARIS | C169: 1 | D169: 19 | E169: 0 | F169: 0 | G169: 0 | H169: 0 | I169: 0 | J169: 0 | K169: =C169+E169-G169-I169 -> 1 | L169: =D169+F169-H169-J169 -> 19
A170: 4121 | B170: PENATA USAHA AKUNTAN PEMBUKUAN | C170: 159 | D170: 226 | E170: 0 | F170: 0 | G170: 0 | H170: 0 | I170: 0 | J170: 0 | K170: =C170+E170-G170-I170 -> 159 | L170: =D170+F170-H170-J170 -> 226
A171: 4122 | B171: PENATA USAHA STATISTIK DAN KEUANGAN | C171: 5 | D171: 2 | E171: 0 | F171: 0 | G171: 0 | H171: 0 | I171: 0 | J171: 0 | K171: =C171+E171-G171-I171 -> 5 | L171: =D171+F171-H171-J171 -> 2
A172: 4131 | B172: PENATA USAHA PERSEDIAAN | C172: 52 | D172: 108 | E172: 0 | F172: 0 | G172: 0 | H172: 0 | I172: 0 | J172: 0 | K172: =C172+E172-G172-I172 -> 52 | L172: =D172+F172-H172-J172 -> 108
A173: 4132 | B173: PENATA USAHA PRODUKSI | C173: 81 | D173: 66 | E173: 0 | F173: 0 | G173: 0 | H173: 0 | I173: 0 | J173: 0 | K173: =C173+E173-G173-I173 -> 81 | L173: =D173+F173-H173-J173 -> 66
A174: 4133 | B174: PENATA USAHA ANGKUTAN | C174: 0 | D174: 0 | E174: 0 | F174: 0 | G174: 0 | H174: 0 | I174: 0 | J174: 0 | K174: =C174+E174-G174-I174 -> 0 | L174: =D174+F174-H174-J174 -> 0
A175: 4141 | B175: PENATA USAHA PERPUSTAKAAN DAN ARSIP | C175: 0 | D175: 0 | E175: 0 | F175: 0 | G175: 0 | H175: 0 | I175: 0 | J175: 0 | K175: =C175+E175-G175-I175 -> 0 | L175: =D175+F175-H175-J175 -> 0
A176: 4142 | B176: PENATA USAHA PENGIRIMAN DAN PENYORTITAN SURAT | C176: 0 | D176: 0 | E176: 0 | F176: 0 | G176: 0 | H176: 0 | I176: 0 | J176: 0 | K176: =C176+E176-G176-I176 -> 0 | L176: =D176+F176-H176-J176 -> 0
... A186: 4223 | B186: OPERATOR PAPAN PENYAMBUNGAN TELEPON | C186: 0 | D186: 0 | E186: 0 | F186: 0 | G186: 0 | H186: 0 | I186: 0 | J186: 0 | K186: =C186+E186-G186-I186 -> 0 | L186: =D186+F186-H186-J186 -> 0
A187: 5 | B187: TENAGA USAHA JASA DAN PENJUAL DAGANGAN DI TOKO DAN PASAR
A188: 5111 | B188: PRAMUGARA DAN PRAMUGARI PERJALANAN | C188: 0 | D188: 0 | E188: 0 | F188: 0 | G188: 0 | H188: 0 | I188: 0 | J188: 0 | K188: =C188+E188-G188-I188 -> 0 | L188: =D188+F188-H188-J188 -> 0
A189: 5112 | B189: KONDEKTUR PERJALANAN | C189: 0 | D189: 0 | E189: 0 | F189: 0 | G189: 0 | H189: 0 | I189: 0 | J189: 0 | K189: =C189+E189-G189-I189 -> 0 | L189: =D189+F189-H189-J189 -> 0
A190: 5113 | B190: PEMANDU PERJALANAN | C190: 0 | D190: 0 | E190: 0 | F190: 0 | G190: 0 | H190: 0 | I190: 0 | J190: 0 | K190: =C190+E190-G190-I190 -> 0 | L190: =D190+F190-H190-J190 -> 0
A191: 5121 | B191: PELAYAN, PRAMU RUMAH TANGGA DAN YANG SEJENIS | C191: 0 | D191: 1 | E191: 0 | F191: 0 | G191: 0 | H191: 0 | I191: 0 | J191: 0 | K191: =C191+E191-G191-I191 -> 0 | L191: =D191+F191-H191-J191 -> 1
A192: 5122 | B192: JURU MASAK | C192: 0 | D192: 2 | E192: 0 | F192: 0 | G192: 0 | H192: 0 | I192: 0 | J192: 0 | K192: =C192+E192-G192-I192 -> 0 | L192: =D192+F192-H192-J192 -> 2
A193: 5123 | B193: PRAMU RESTORAN DAN BAR | C193: 0 | D193: 0 | E193: 0 | F193: 0 | G193: 0 | H193: 0 | I193: 0 | J193: 0 | K193: =C193+E193-G193-I193 -> 0 | L193: =D193+F193-H193-J193 -> 0
A194: 5131 | B194: PENGASUH ANAK | C194: 0 | D194: 0 | E194: 0 | F194: 0 | G194: 0 | H194: 0 | I194: 0 | J194: 0 | K194: =C194+E194-G194-I194 -> 0 | L194: =D194+F194-H194-J194 -> 0
A195: 5132 | B195: PENGASUH PADA LEMBAGA PERORANGAN | C195: 0 | D195: 0 | E195: 0 | F195: 0 | G195: 0 | H195: 0 | I195: 0 | J195: 0 | K195: =C195+E195-G195-I195 -> 0 | L195: =D195+F195-H195-J195 -> 0
A196: 5139 | B196: PERAWAT PERORANGAN DAN YANG SEJENIS | C196: 0 | D196: 0 | E196: 0 | F196: 0 | G196: 0 | H196: 0 | I196: 0 | J196: 0 | K196: =C196+E196-G196-I196 -> 0 | L196: =D196+F196-H196-J196 -> 0
A197: 5141 | B197: PEMANGKAS RAMBUT, PENATA RAMBUT PERAWAT KECANTIKAN DAN YANG SEJENIS | C197: 1 | D197: 6 | E197: 0 | F197: 0 | G197: 0 | H197: 0 | I197: 0 | J197: 0 | K197: =C197+E197-G197-I197 -> 1 | L197: =D197+F197-H197-J197 -> 6
A198: 5142 | B198: PRAMURIA DAN PELAYAN PRIA | C198: 2 | D198: 0 | E198: 0 | F198: 0 | G198: 0 | H198: 0 | I198: 0 | J198: 0 | K198: =C198+E198-G198-I198 -> 2 | L198: =D198+F198-H198-J198 -> 0
A199: 5143 | B199: PENGURUS PEMAKAMAN DAN PEMBALSEMAN JENASAH | C199: 0 | D199: 0 | E199: 0 | F199: 0 | G199: 0 | H199: 0 | I199: 0 | J199: 0 | K199: =C199+E199-G199-I199 -> 0 | L199: =D199+F199-H199-J199 -> 0
... A209: 5230 | B209: TENAGA PENJUALAN DI PASAR DAN PEDAGANG PINGGIR JALAN | C209: 0 | D209: 0 | E209: 0 | F209: 0 | G209: 0 | H209: 0 | I209: 0 | J209: 0 | K209: =C209+E209-G209-I209 -> 0 | L209: =D209+F209-H209-J209 -> 0
A210: 6 | B210: PEKERJA-PEKERJA KETERAMPILAN BIDANG PERTANIAN DAN PERIKANAN
A211: 6111 | B211: PENANAM LADANG DAN SAYURAN | C211: 0 | D211: 0 | E211: 0 | F211: 0 | G211: 0 | H211: 0 | I211: 0 | J211: 0 | K211: =C211+E211-G211-I211 -> 0 | L211: =D211+F211-H211-J211 -> 0
A212: 6112 | B212: PENANAM POHON DAN PERKEBUNAN | C212: 78 | D212: 1 | E212: 0 | F212: 0 | G212: 0 | H212: 0 | I212: 0 | J212: 0 | K212: =C212+E212-G212-I212 -> 78 | L212: =D212+F212-H212-J212 -> 1
A213: 6113 | B213: PEKERJA KEBUN HOLTIKULTURA DAN PERAWAT TUMBUHAN | C213: 0 | D213: 0 | E213: 0 | F213: 0 | G213: 0 | H213: 0 | I213: 0 | J213: 0 | K213: =C213+E213-G213-I213 -> 0 | L213: =D213+F213-H213-J213 -> 0
A214: 6114 | B214: PENANAM TANAMAN CAMPURAN | C214: 0 | D214: 0 | E214: 0 | F214: 0 | G214: 0 | H214: 0 | I214: 0 | J214: 0 | K214: =C214+E214-G214-I214 -> 0 | L214: =D214+F214-H214-J214 -> 0
A215: 6121 | B215: PRODUSEN SUSU DAN PETERNAK | C215: 0 | D215: 0 | E215: 0 | F215: 0 | G215: 0 | H215: 0 | I215: 0 | J215: 0 | K215: =C215+E215-G215-I215 -> 0 | L215: =D215+F215-H215-J215 -> 0
A216: 6122 | B216: PRODUSEN TERNAK UNGGAS | C216: 7 | D216: 0 | E216: 0 | F216: 0 | G216: 0 | H216: 0 | I216: 0 | J216: 0 | K216: =C216+E216-G216-I216 -> 7 | L216: =D216+F216-H216-J216 -> 0
A217: 6123 | B217: PETERNAK LEBAH DAN ULAT SUTERA | C217: 0 | D217: 0 | E217: 0 | F217: 0 | G217: 0 | H217: 0 | I217: 0 | J217: 0 | K217: =C217+E217-G217-I217 -> 0 | L217: =D217+F217-H217-J217 -> 0
A218: 6129 | B218: PRODUSEN2 DAN JABATAN2 YANG BERHUBUNGAN DENGAN PEMASARAN HEWAN HASIL HEWAN TERNAK | C218: 0 | D218: 0 | E218: 0 | F218: 0 | G218: 0 | H218: 0 | I218: 0 | J218: 0 | K218: =C218+E218-G218-I218 -> 0 | L218: =D218+F218-H218-J218 -> 0
A219: 6130 | B219: TENAGA PEMASARAN HASIL TANAMAN DAN HEWAN | C219: 0 | D219: 0 | E219: 0 | F219: 0 | G219: 0 | H219: 0 | I219: 0 | J219: 0 | K219: =C219+E219-G219-I219 -> 0 | L219: =D219+F219-H219-J219 -> 0
A220: 6141 | B220: PEKERJA KEHUTANAN DAN PENEBANG KAYU | C220: 0 | D220: 0 | E220: 0 | F220: 0 | G220: 0 | H220: 0 | I220: 0 | J220: 0 | K220: =C220+E220-G220-I220 -> 0 | L220: =D220+F220-H220-J220 -> 0
A221: 6142 | B221: PEKERJA PEMBAKARAN ARANG DAN PEKERJAAN YBDI | C221: 0 | D221: 0 | E221: 0 | F221: 0 | G221: 0 | H221: 0 | I221: 0 | J221: 0 | K221: =C221+E221-G221-I221 -> 0 | L221: =D221+F221-H221-J221 -> 0
A222: 6151 | B222: PETANI IKAN DARAT | C222: 0 | D222: 0 | E222: 0 | F222: 0 | G222: 0 | H222: 0 | I222: 0 | J222: 0 | K222: =C222+E222-G222-I222 -> 0 | L222: =D222+F222-H222-J222 -> 0
... A226: 6210 | B226: PEKERJA BERMATA PENCAHARIAN PERTANIAN | C226: 4 | D226: 2 | E226: 0 | F226: 0 | G226: 0 | H226: 0 | I226: 0 | J226: 0 | K226: =C226+E226-G226-I226 -> 4 | L226: =D226+F226-H226-J226 -> 2
A227: 7 | B227: PEKERJA KASAR TERAMPIL DAN SEJENISNYA YBDL
A228: 7111 | B228: PENAMBANG BATU, JURU TEMBAK DAN LEDAK ( TAMBANG ) | C228: 3 | D228: 0 | E228: 0 | F228: 0 | G228: 0 | H228: 0 | I228: 0 | J228: 0 | K228: =C228+E228-G228-I228 -> 3 | L228: =D228+F228-H228-J228 -> 0
A229: 7112 | B229: TEKNISI PELEDAKAN DAN PELEDAK | C229: 2 | D229: 0 | E229: 0 | F229: 0 | G229: 0 | H229: 0 | I229: 0 | J229: 0 | K229: =C229+E229-G229-I229 -> 2 | L229: =D229+F229-H229-J229 -> 0
A230: 7113 | B230: PEMECAH BATU, PEMOTONG DAN PEMAHAT | C230: 0 | D230: 0 | E230: 0 | F230: 0 | G230: 0 | H230: 0 | I230: 0 | J230: 0 | K230: =C230+E230-G230-I230 -> 0 | L230: =D230+F230-H230-J230 -> 0
A231: 7121 | B231: TUKANG BANGUNAN DARI BAHAN TRADISIONAL | C231: 0 | D231: 0 | E231: 0 | F231: 0 | G231: 0 | H231: 0 | I231: 0 | J231: 0 | K231: =C231+E231-G231-I231 -> 0 | L231: =D231+F231-H231-J231 -> 0
A232: 7122 | B232: PEMASANG KERAMIK DAN TUKANG BATU | C232: 0 | D232: 0 | E232: 0 | F232: 0 | G232: 0 | H232: 0 | I232: 0 | J232: 0 | K232: =C232+E232-G232-I232 -> 0 | L232: =D232+F232-H232-J232 -> 0
A233: 7123 | B233: PEMASANG BETON CETAKAN, TUKANG POLES DAN SEJENISNYA | C233: 0 | D233: 0 | E233: 0 | F233: 0 | G233: 0 | H233: 0 | I233: 0 | J233: 0 | K233: =C233+E233-G233-I233 -> 0 | L233: =D233+F233-H233-J233 -> 0
A234: 7124 | B234: TUKANG KAYU DAN PEMBUAT PERABOT RUMAH TANGGA DARI KAYU | C234: 0 | D234: 0 | E234: 0 | F234: 0 | G234: 0 | H234: 0 | I234: 0 | J234: 0 | K234: =C234+E234-G234-I234 -> 0 | L234: =D234+F234-H234-J234 -> 0
...

Sheet ipk3.4
A1: IPK III/4: LOWONGAN KERJA YANG TERDAFTAR, DITEMPATKAN DAN DIHAPUSKAN DI
A2: KABUPATEN PASER MENURUT JENIS PENDIDIKAN
A3: ='ipk3.3'!A3 -> PADA TANGGAL : 1 AGUSTUS 2025 s/d 31 AGUSTUS 2025
A5: Kode | B5: Jenis Pendidikan | C5: Sisa akhir bulan lalu | E5: Pendaftaran bulan ini | G5: Penempatan bulan ini | I5: Penghapuskan bulan ini | K5: Sisa akhir bulan ini
C6: L | D6: W | E6: L | F6: W | G6: L | H6: W | I6: L | J6: W | K6: L | L6: W
A7: 1 | C7: 2 | D7: 3 | E7: 4 | F7: 5 | G7: 6 | H7: 7 | I7: 8 | J7: 9 | K7: 10 | L7: 11
A8: 1000 | B8: SEKOLAH DASAR
A9: 1101 | B9: TIDAK TAMAT SD | C9: 0 | D9: 0 | E9: 0 | F9: 0 | G9: 0 | H9: 0 | I9: 0 | J9: 0 | K9: =C9+E9-G9-I9 -> 0 | L9: =D9+F9-H9-J9 -> 0
A10: 1102 | B10: TAMAT SD | C10: 122 | D10: 0 | E10: 0 | F10: 0 | G10: 0 | H10: 0 | I10: 0 | J10: 0 | K10: =C10+E10-G10-I10 -> 122 | L10: =D10+F10-H10-J10 -> 0
A11: 1103 | B11: SETINGKAT SD | C11: 0 | D11: 0 | E11: 0 | F11: 0 | G11: 0 | H11: 0 | I11: 0 | J11: 0 | K11: =C11+E11-G11-I11 -> 0 | L11: =D11+F11-H11-J11 -> 0
A12: 1199 | B12: SD - TAK TERDEFINISI | C12: 0 | D12: 0 | E12: 0 | F12: 0 | G12: 0 | H12: 0 | I12: 0 | J12: 0 | K12: =C12+E12-G12-I12 -> 0 | L12: =D12+F12-H12-J12 -> 0
A13: 2000 | B13: PENDIDIKAN MENENGAH PERTAMA
A14: 2101 | B14: SEKOLAH MENENGAH PERTAMA | C14: 2 | D14: 0 | E14: 0 | F14: 0 | G14: 0 | H14: 0 | I14: 0 | J14: 0 | K14: =C14+E14-G14-I14 -> 2 | L14: =D14+F14-H14-J14 -> 0
A15: 2102 | B15: MADRASAH DINIYAH SANAWIYAH | C15: 0 | D15: 0 | E15: 0 | F15: 0 | G15: 0 | H15: 0 | I15: 0 | J15: 0 | K15: =C15+E15-G15-I15 -> 0 | L15: =D15+F15-H15-J15 -> 0
A16: 2103 | B16: LAINNYA | C16: 0 | D16: 0 | E16: 0 | F16: 0 | G16: 0 | H16: 0 | I16: 0 | J16: 0 | K16: =C16+E16-G16-I16 -> 0 | L16: =D16+F16-H16-J16 -> 0
A17: 2104 | B17: SLTP KEJURUAN | C17: 0 | D17: 0 | E17: 0 | F17: 0 | G17: 0 | H17: 0 | I17: 0 | J17: 0 | K17: =C17+E17-G17-I17 -> 0 | L17: =D17+F17-H17-J17 -> 0
A18: 2199 | B18: SLTP - TAK TERDEFINISI | C18: 0 | D18: 0 | E18: 0 | F18: 0 | G18: 0 | H18: 0 | I18: 0 | J18: 0 | K18: =C18+E18-G18-I18 -> 0 | L18: =D18+F18-H18-J18 -> 0
A19: 3000 | B19: PENDIDIKAN MENENGAH ATAS
A20: 3101 | B20: TEKNIK BANGUNAN | C20: 1 | D20: 0 | E20: 0 | F20: 0 | G20: 0 | H20: 0 | I20: 0 | J20: 0 | K20: =C20+E20-G20-I20 -> 1 | L20: =D20+F20-H20-J20 -> 0
A21: 3102 | B21: TEKNIK PLUMBING DAN SANITASI | C21: 0 | D21: 0 | E21: 0 | F21: 0 | G21: 0 | H21: 0 | I21: 0 | J21: 0 | K21: =C21+E21-G21-I21 -> 0 | L21: =D21+F21-H21-J21 -> 0
A22: 3103 | B22: TEKNIK SURVEI DAN PEMETAAN | C22: 0 | D22: 0 | E22: 0 | F22: 0 | G22: 0 | H22: 0 | I22: 0 | J22: 0 | K22: =C22+E22-G22-I22 -> 0 | L22: =D22+F22-H22-J22 -> 0
A23: 3104 | B23: TEKNIK KETENAGALISTRIKAN | C23: 19 | D23: 0 | E23: 0 | F23: 0 | G23: 0 | H23: 0 | I23: 0 | J23: 0 | K23: =C23+E23-G23-I23 -> 19 | L23: =D23+F23-H23-J23 -> 0
A24: 3105 | B24: TEKNIK PENDINGINAN DAN TATA UDARA | C24: 1 | D24: 0 | E24: 0 | F24: 0 | G24: 0 | H24: 0 | I24: 0 | J24: 0 | K24: =C24+E24-G24-I24 -> 1 | L24: =D24+F24-H24-J24 -> 0
A25: 3106 | B25: TEKNIK MESIN | C25: 41 | D25: 0 | E25: 0 | F25: 0 | G25: 0 | H25: 0 | I25: 0 | J25: 0 | K25: =C25+E25-G25-I25 -> 41 | L25: =D25+F25-H25-J25 -> 0
A26: 3107 | B26: TEKNIK OTOMOTIF | C26: 57 | D26: 0 | E26: 0 | F26: 0 | G26: 0 | H26: 0 | I26: 0 | J26: 0 | K26: =C26+E26-G26-I26 -> 57 | L26: =D26+F26-H26-J26 -> 0
A27: 3108 | B27: TEKNOLOGI PESAWAT UDARA | C27: 1 | D27: 0 | E27: 0 | F27: 0 | G27: 0 | H27: 0 | I27: 0 | J27: 0 | K27: =C27+E27-G27-I27 -> 1 | L27: =D27+F27-H27-J27 -> 0
A28: 3109 | B28: TEKNIK PERKAPALAN | C28: 0 | D28: 0 | E28: 0 | F28: 0 | G28: 0 | H28: 0 | I28: 0 | J28: 0 | K28: =C28+E28-G28-I28 -> 0 | L28: =D28+F28-H28-J28 -> 0
A29: 3110 | B29: TEKNOLOGI TEKSTIL | C29: 0 | D29: 0 | E29: 0 | F29: 0 | G29: 0 | H29: 0 | I29: 0 | J29: 0 | K29: =C29+E29-G29-I29 -> 0 | L29: =D29+F29-H29-J29 -> 0
A30: 3111 | B30: TEKNIK GRAFIKA | C30: 0 | D30: 0 | E30: 0 | F30: 0 | G30: 0 | H30: 0 | I30: 0 | J30: 0 | K30: =C30+E30-G30-I30 -> 0 | L30: =D30+F30-H30-J30 -> 0
A31: 3112 | B31: GEOLOGI PERTAMBANGAN | C31: 2 | D31: 0 | E31: 0 | F31: 0 | G31: 0 | H31: 0 | I31: 0 | J31: 0 | K31: =C31+E31-G31-I31 -> 2 | L31: =D31+F31-H31-J31 -> 0
... A63: 3802 | B63: MADRASAH DINIYAH ALIYAH | C63: 25 | D63: 1 | E63: 0 | F63: 0 | G63: 0 | H63: 0 | I63: 0 | J63: 0 | K63: =C63+E63-G63-I63 -> 25 | L63: =D63+F63-H63-J63 -> 1
A64: 4000 | B64: DIPLOMA I / AKTA I
A65: 4101 | B65: PENDIDIKAN | C65: 0 | D65: 0 | E65: 0 | F65: 0 | G65: 0 | H65: 0 | I65: 0 | J65: 0 | K65: =C65+E65-G65-I65 -> 0 | L65: =D65+F65-H65-J65 -> 0
A66: 4102 | B66: PENDIDIKAN LUAR SEKOLAH | C66: 0 | D66: 0 | E66: 0 | F66: 0 | G66: 0 | H66: 0 | I66: 0 | J66: 0 | K66: =C66+E66-G66-I66 -> 0 | L66: =D66+F66-H66-J66 -> 0
A67: 4103 | B67: PENDIDIKAN KESEJAHTERAAN SOSIAL | C67: 0 | D67: 0 | E67: 0 | F67: 0 | G67: 0 | H67: 0 | I67: 0 | J67: 0 | K67: =C67+E67-G67-I67 -> 0 | L67: =D67+F67-H67-J67 -> 0
A68: 4104 | B68: PSIKOLOGI | C68: 0 | D68: 0 | E68: 0 | F68: 0 | G68: 0 | H68: 0 | I68: 0 | J68: 0 | K68: =C68+E68-G68-I68 -> 0 | L68: =D68+F68-H68-J68 -> 0
A69: 4105 | B69: ILMU PENGETAHUAN SOSIAL | C69: 0 | D69: 0 | E69: 0 | F69: 0 | G69: 0 | H69: 0 | I69: 0 | J69: 0 | K69: =C69+E69-G69-I69 -> 0 | L69: =D69+F69-H69-J69 -> 0
A70: 4106 | B70: PENDIDIKAN MORAL PANCASILA | C70: 0 | D70: 0 | E70: 0 | F70: 0 | G70: 0 | H70: 0 | I70: 0 | J70: 0 | K70: =C70+E70-G70-I70 -> 0 | L70: =D70+F70-H70-J70 -> 0
A71: 4107 | B71: ADMINISTRASI KEUANGAN | C71: 0 | D71: 0 | E71: 0 | F71: 0 | G71: 0 | H71: 0 | I71: 0 | J71: 0 | K71: =C71+E71-G71-I71 -> 0 | L71: =D71+F71-H71-J71 -> 0
A72: 4108 | B72: ANTROPOLOGI | C72: 0 | D72: 0 | E72: 0 | F72: 0 | G72: 0 | H72: 0 | I72: 0 | J72: 0 | K72: =C72+E72-G72-I72 -> 0 | L72: =D72+F72-H72-J72 -> 0
A73: 4109 | B73: SEJARAH | C73: 0 | D73: 0 | E73: 0 | F73: 0 | G73: 0 | H73: 0 | I73: 0 | J73: 0 | K73: =C73+E73-G73-I73 -> 0 | L73: =D73+F73-H73-J73 -> 0
A74: 4110 | B74: HUKUM | C74: 0 | D74: 0 | E74: 0 | F74: 0 | G74: 0 | H74: 0 | I74: 0 | J74: 0 | K74: =C74+E74-G74-I74 -> 0 | L74: =D74+F74-H74-J74 -> 0
A75: 4111 | B75: KESEKRETARIATAN | C75: 0 | D75: 0 | E75: 0 | F75: 0 | G75: 0 | H75: 0 | I75: 0 | J75: 0 | K75: =C75+E75-G75-I75 -> 0 | L75: =D75+F75-H75-J75 -> 0
A76: 4112 | B76: OLAH RAGA KESEHATAN | C76: 0 | D76: 0 | E76: 0 | F76: 0 | G76: 0 | H76: 0 | I76: 0 | J76: 0 | K76: =C76+E76-G76-I76 -> 0 | L76: =D76+F76-H76-J76 -> 0
... A94: 4199 | B94: DIPLOMA I - TAK TERDEFINISI | C94: 0 | D94: 0 | E94: 0 | F94: 0 | G94: 0 | H94: 0 | I94: 0 | J94: 0 | K94: =C94+E94-G94-I94 -> 0 | L94: =D94+F94-H94-J94 -> 0
A95: 4200 | B95: DIPLOMA II / AKTA II
A96: 4201 | B96: PENDIDIKAN | C96: 0 | D96: 0 | E96: 0 | F96: 0 | G96: 0 | H96: 0 | I96: 0 | J96: 0 | K96: =C96+E96-G96-I96 -> 0 | L96: =D96+F96-H96-J96 -> 0
A97: 4202 | B97: PENDIDIKAN SOSIAL | C97: 0 | D97: 0 | E97: 0 | F97: 0 | G97: 0 | H97: 0 | I97: 0 | J97: 0 | K97: =C97+E97-G97-I97 -> 0 | L97: =D97+F97-H97-J97 -> 0
A98: 4203 | B98: PENDIDIKAN LUAR SEKOLAH | C98: 0 | D98: 0 | E98: 0 | F98: 0 | G98: 0 | H98: 0 | I98: 0 | J98: 0 | K98: =C98+E98-G98-I98 -> 0 | L98: =D98+F98-H98-J98 -> 0
A99: 4204 | B99: PSIKOLOGI | C99: 0 | D99: 0 | E99: 0 | F99: 0 | G99: 0 | H99: 0 | I99: 0 | J99: 0 | K99: =C99+E99-G99-I99 -> 0 | L99: =D99+F99-H99-J99 -> 0
A100: 4205 | B100: PENDIDIKAN MORAL PANCASILA | C100: 0 | D100: 0 | E100: 0 | F100: 0 | G100: 0 | H100: 0 | I100: 0 | J100: 0 | K100: =C100+E100-G100-I100 -> 0 | L100: =D100+F100-H100-J100 -> 0
A101: 4206 | B101: ANTROPOLOGI | C101: 0 | D101: 0 | E101: 0 | F101: 0 | G101: 0 | H101: 0 | I101: 0 | J101: 0 | K101: =C101+E101-G101-I101 -> 0 | L101: =D101+F101-H101-J101 -> 0
A102: 4207 | B102: SEJARAH | C102: 0 | D102: 0 | E102: 0 | F102: 0 | G102: 0 | H102: 0 | I102: 0 | J102: 0 | K102: =C102+E102-G102-I102 -> 0 | L102: =D102+F102-H102-J102 -> 0
A103: 4208 | B103: HUKUM | C103: 0 | D103: 0 | E103: 0 | F103: 0 | G103: 0 | H103: 0 | I103: 0 | J103: 0 | K103: =C103+E103-G103-I103 -> 0 | L103: =D103+F103-H103-J103 -> 0
A104: 4209 | B104: PENDIDIKAN KESEJAHTERAAN KELUARGA | C104: 0 | D104: 0 | E104: 0 | F104: 0 | G104: 0 | H104: 0 | I104: 0 | J104: 0 | K104: =C104+E104-G104-I104 -> 0 | L104: =D104+F104-H104-J104 -> 0
A105: 4210 | B105: EKONOMI | C105: 0 | D105: 0 | E105: 0 | F105: 0 | G105: 0 | H105: 0 | I105: 0 | J105: 0 | K105: =C105+E105-G105-I105 -> 0 | L105: =D105+F105-H105-J105 -> 0
A106: 4211 | B106: KESENIAN | C106: 0 | D106: 0 | E106: 0 | F106: 0 | G106: 0 | H106: 0 | I106: 0 | J106: 0 | K106: =C106+E106-G106-I106 -> 0 | L106: =D106+F106-H106-J106 -> 0
A107: 4212 | B107: KESEKRETARIATAN | C107: 0 | D107: 0 | E107: 0 | F107: 0 | G107: 0 | H107: 0 | I107: 0 | J107: 0 | K107: =C107+E107-G107-I107 -> 0 | L107: =D107+F107-H107-J107 -> 0
... A126: 4299 | B126: DIPLOMA II - TAK TERDEFINISI | C126: 0 | D126: 0 | E126: 0 | F126: 0 | G126: 0 | H126: 0 | I126: 0 | J126: 0 | K126: =C126+E126-G126-I126 -> 0 | L126: =D126+F126-H126-J126 -> 0
A127: 5000 | B127: DIPLOMA III/AKTA III/AKADEMI/S.MUDA
A128: 5101 | B128: FISIKA | C128: 0 | D128: 0 | E128: 0 | F128: 0 | G128: 0 | H128: 0 | I128: 0 | J128: 0 | K128: =C128+E128-G128-I128 -> 0 | L128: =D128+F128-H128-J128 -> 0
A129: 5102 | B129: ASTRONOMI | C129: 0 | D129: 0 | E129: 0 | F129: 0 | G129: 0 | H129: 0 | I129: 0 | J129: 0 | K129: =C129+E129-G129-I129 -> 0 | L129: =D129+F129-H129-J129 -> 0
A130: 5103 | B130: BIOLOGI | C130: 0 | D130: 0 | E130: 0 | F130: 0 | G130: 0 | H130: 0 | I130: 0 | J130: 0 | K130: =C130+E130-G130-I130 -> 0 | L130: =D130+F130-H130-J130 -> 0
A131: 5104 | B131: GEOLOGI DAN PERTAMBANGAN | C131: 0 | D131: 0 | E131: 0 | F131: 0 | G131: 0 | H131: 0 | I131: 0 | J131: 0 | K131: =C131+E131-G131-I131 -> 0 | L131: =D131+F131-H131-J131 -> 0
A132: 5105 | B132: METEOROLOGI DAN GEOFISIKA | C132: 0 | D132: 0 | E132: 0 | F132: 0 | G132: 0 | H132: 0 | I132: 0 | J132: 0 | K132: =C132+E132-G132-I132 -> 0 | L132: =D132+F132-H132-J132 -> 0
A133: 5106 | B133: GEOGRAFI | C133: 0 | D133: 0 | E133: 0 | F133: 0 | G133: 0 | H133: 0 | I133: 0 | J133: 0 | K133: =C133+E133-G133-I133 -> 0 | L133: =D133+F133-H133-J133 -> 0
A134: 5107 | B134: MATEMATIKA | C134: 0 | D134: 0 | E134: 0 | F134: 0 | G134: 0 | H134: 0 | I134: 0 | J134: 0 | K134: =C134+E134-G134-I134 -> 0 | L134: =D134+F134-H134-J134 -> 0
A135: 5108 | B135: ILMU STATISTIK | C135: 0 | D135: 0 | E135: 0 | F135: 0 | G135: 0 | H135: 0 | I135: 0 | J135: 0 | K135: =C135+E135-G135-I135 -> 0 | L135: =D135+F135-H135-J135 -> 0
A136: 5109 | B136: ILMU KOMPUTER | C136: 0 | D136: 0 | E136: 0 | F136: 0 | G136: 0 | H136: 0 | I136: 0 | J136: 0 | K136: =C136+E136-G136-I136 -> 0 | L136: =D136+F136-H136-J136 -> 0
A137: 5110 | B137: KIMIA | C137: 0 | D137: 0 | E137: 0 | F137: 0 | G137: 0 | H137: 0 | I137: 0 | J137: 0 | K137: =C137+E137-G137-I137 -> 0 | L137: =D137+F137-H137-J137 -> 0
A138: 5111 | B138: ILMU PASTI/ALAM LAINNYA | C138: 0 | D138: 0 | E138: 0 | F138: 0 | G138: 0 | H138: 0 | I138: 0 | J138: 0 | K138: =C138+E138-G138-I138 -> 0 | L138: =D138+F138-H138-J138 -> 0
A139: 5199 | B139: ILMU PASTI - TAK TERDEFINISI | C139: 0 | D139: 0 | E139: 0 | F139: 0 | G139: 0 | H139: 0 | I139: 0 | J139: 0 | K139: =C139+E139-G139-I139 -> 0 | L139: =D139+F139-H139-J139 -> 0
... A261: 5699 | B261: ILMU PENDIDIKAN DAN KEGURUAN - TAK TERDEFINISI | C261: 0 | D261: 0 | E261: 0 | F261: 0 | G261: 0 | H261: 0 | I261: 0 | J261: 0 | K261: =C261+E261-G261-I261 -> 0 | L261: =D261+F261-H261-J261 -> 0
A262: 6000 | B262: SARJANA (S1)
A263: 6101 | B263: FISIKA | C263: 0 | D263: 0 | E263: 0 | F263: 0 | G263: 0 | H263: 0 | I263: 0 | J263: 0 | K263: =C263+E263-G263-I263 -> 0 | L263: =D263+F263-H263-J263 -> 0
A264: 6102 | B264: ILMU GEOLOGI | C264: 0 | D264: 0 | E264: 0 | F264: 0 | G264: 0 | H264: 0 | I264: 0 | J264: 0 | K264: =C264+E264-G264-I264 -> 0 | L264: =D264+F264-H264-J264 -> 0
A265: 6103 | B265: KIMIA | C265: 0 | D265: 1 | E265: 0 | F265: 0 | G265: 0 | H265: 0 | I265: 0 | J265: 0 | K265: =C265+E265-G265-I265 -> 0 | L265: =D265+F265-H265-J265 -> 1
A266: 6104 | B266: BIOLOGI | C266: 0 | D266: 0 | E266: 0 | F266: 0 | G266: 0 | H266: 0 | I266: 0 | J266: 0 | K266: =C266+E266-G266-I266 -> 0 | L266: =D266+F266-H266-J266 -> 0
A267: 6105 | B267: METEROLOGI DAN GEOFISIKA | C267: 0 | D267: 0 | E267: 0 | F267: 0 | G267: 0 | H267: 0 | I267: 0 | J267: 0 | K267: =C267+E267-G267-I267 -> 0 | L267: =D267+F267-H267-J267 -> 0
A268: 6106 | B268: MATEMATIKA | C268: 0 | D268: 0 | E268: 0 | F268: 0 | G268: 0 | H268: 0 | I268: 0 | J268: 0 | K268: =C268+E268-G268-I268 -> 0 | L268: =D268+F268-H268-J268 -> 0
A269: 6107 | B269: STATISTIK | C269: 0 | D269: 0 | E269: 0 | F269: 0 | G269: 0 | H269: 0 | I269: 0 | J269: 0 | K269: =C269+E269-G269-I269 -> 0 | L269: =D269+F269-H269-J269 -> 0
A270: 6108 | B270: KOMPUTER | C270: 1 | D270: 0 | E270: 0 | F270: 0 | G270: 0 | H270: 0 | I270: 0 | J270: 0 | K270: =C270+E270-G270-I270 -> 1 | L270: =D270+F270-H270-J270 -> 0
A271: 6109 | B271: ILMU PASTI/ILMU ALAM LAINNYA | C271: 0 | D271: 0 | E271: 0 | F271: 0 | G271: 0 | H271: 0 | I271: 0 | J271: 0 | K271: =C271+E271-G271-I271 -> 0 | L271: =D271+F271-H271-J271 -> 0
A272: 6199 | B272: ILMU PASTI/ILMU ALAM - TAK TERDEFINISI | C272: 0 | D272: 0 | E272: 0 | F272: 0 | G272: 0 | H272: 0 | I272: 0 | J272: 0 | K272: =C272+E272-G272-I272 -> 0 | L272: =D272+F272-H272-J272 -> 0
A273: 6201 | B273: TEKNIK GEODESI/GEOLOGI | C273: 0 | D273: 0 | E273: 0 | F273: 0 | G273: 0 | H273: 0 | I273: 0 | J273: 0 | K273: =C273+E273-G273-I273 -> 0 | L273: =D273+F273-H273-J273 -> 0
A274: 6202 | B274: TEKNIK KIMIA | C274: 0 | D274: 0 | E274: 0 | F274: 0 | G274: 0 | H274: 0 | I274: 0 | J274: 0 | K274: =C274+E274-G274-I274 -> 0 | L274: =D274+F274-H274-J274 -> 0
... A377: 6699 | B377: ILMU PENDIDIKAN DAN KEGURUAN - TAK TERDEFINISI | C377: 0 | D377: 0 | E377: 0 | F377: 0 | G377: 0 | H377: 0 | I377: 0 | J377: 0 | K377: =C377+E377-G377-I377 -> 0 | L377: =D377+F377-H377-J377 -> 0
A378: 7000 | B378: SARJANA (S2)
A379: 7101 | B379: FISIKA | C379: 0 | D379: 0 | E379: 0 | F379: 0 | G379: 0 | H379: 0 | I379: 0 | J379: 0 | K379: =C379+E379-G379-I379 -> 0 | L379: =D379+F379-H379-J379 -> 0
A380: 7102 | B380: ILMU GEOLOGI | C380: 0 | D380: 0 | E380: 0 | F380: 0 | G380: 0 | H380: 0 | I380: 0 | J380: 0 | K380: =C380+E380-G380-I380 -> 0 | L380: =D380+F380-H380-J380 -> 0
A381: 7103 | B381: KIMIA | C381: 0 | D381: 0 | E381: 0 | F381: 0 | G381: 0 | H381: 0 | I381: 0 | J381: 0 | K381: =C381+E381-G381-I381 -> 0 | L381: =D381+F381-H381-J381 -> 0
A382: 7104 | B382: BIOLOGI | C382: 0 | D382: 0 | E382: 0 | F382: 0 | G382: 0 | H382: 0 | I382: 0 | J382: 0 | K382: =C382+E382-G382-I382 -> 0 | L382: =D382+F382-H382-J382 -> 0
A383: 7105 | B383: METEROLOGI DAN GEOPISIKA | C383: 0 | D383: 0 | E383: 0 | F383: 0 | G383: 0 | H383: 0 | I383: 0 | J383: 0 | K383: =C383+E383-G383-I383 -> 0 | L383: =D383+F383-H383-J383 -> 0
A384: 7106 | B384: MATEMATIKA | C384: 0 | D384: 0 | E384: 0 | F384: 0 | G384: 0 | H384: 0 | I384: 0 | J384: 0 | K384: =C384+E384-G384-I384 -> 0 | L384: =D384+F384-H384-J384 -> 0
A385: 7107 | B385: STATISTIK | C385: 0 | D385: 0 | E385: 0 | F385: 0 | G385: 0 | H385: 0 | I385: 0 | J385: 0 | K385: =C385+E385-G385-I385 -> 0 | L385: =D385+F385-H385-J385 -> 0
A386: 7108 | B386: KOMPUTER | C386: 0 | D386: 0 | E386: 0 | F386: 0 | G386: 0 | H386: 0 | I386: 0 | J386: 0 | K386: =C386+E386-G386-I386 -> 0 | L386: =D386+F386-H386-J386 -> 0
A387: 7109 | B387: ILMU PASTI/ILMU ALAM LAINNYA | C387: 0 | D387: 0 | E387: 0 | F387: 0 | G387: 0 | H387: 0 | I387: 0 | J387: 0 | K387: =C387+E387-G387-I387 -> 0 | L387: =D387+F387-H387-J387 -> 0
A388: 7199 | B388: ILMU PASTI/ILMU ALAM - TAK TERDEFINISI | C388: 0 | D388: 0 | E388: 0 | F388: 0 | G388: 0 | H388: 0 | I388: 0 | J388: 0 | K388: =C388+E388-G388-I388 -> 0 | L388: =D388+F388-H388-J388 -> 0
A389: 7201 | B389: EKNIK GEODESI/GEOLOGI | C389: 0 | D389: 0 | E389: 0 | F389: 0 | G389: 0 | H389: 0 | I389: 0 | J389: 0 | K389: =C389+E389-G389-I389 -> 0 | L389: =D389+F389-H389-J389 -> 0
A390: 7202 | B390: TEKNIK KIMIA | C390: 0 | D390: 0 | E390: 0 | F390: 0 | G390: 0 | H390: 0 | I390: 0 | J390: 0 | K390: =C390+E390-G390-I390 -> 0 | L390: =D390+F390-H390-J390 -> 0
...

Sheet ipk3.5
A1: IPK III/5 : LOWONGAN KERJA YANG TERDAFTAR, DITEMPATKAN DAN DIHAPUSKAN DI
A2: KABUPATEN PASER MENURUT GOLONGAN JABATAN
A3: ='ipk3.4'!A3 -> PADA TANGGAL : 1 AGUSTUS 2025 s/d 31 AGUSTUS 2025
A5: Kode | B5: Jenis Golongan Pokok Jabatan | C5: Sisa akhir bulan lalu | E5: Pendaftaran bulan ini | G5: Penempatan bulan ini | I5: Penghapuskan bulan ini | K5: Sisa akhir bulan ini
C6: L | D6: W | E6: L | F6: W | G6: L | H6: W | I6: L | J6: W | K6: L | L6: W
A7: 1 | C7: 2 | D7: 3 | E7: 4 | F7: 5 | G7: 6 | H7: 7 | I7: 8 | J7: 9 | K7: 10 | L7: 11
A8: 0 | B8: ANGGOTA ANGKATAN BERSENJATA (KECUALI KEPOLISIAN)
A9: 110 | B9: ANGGOTA ANGKATAN BERSENJATA | C9: 0 | D9: 0 | E9: 0 | F9: 0 | G9: 0 | H9: 0 | I9: 0 | J9: 0 | K9: =C9+E9-G9-I9 -> 0 | L9: =D9+F9-H9-J9 -> 0
A10: 1 | B10: ANGGOTA BADAN LEGISLATIF, PEJABAT TINGGI PEMERINTAH
A11: 1110 | B11: ANGGOTA BADAN LEGISLATIF | C11: 0 | D11: 0 | E11: 0 | F11: 0 | G11: 0 | H11: 0 | I11: 0 | J11: 0 | K11: =C11+E11-G11-I11 -> 0 | L11: =D11+F11-H11-J11 -> 0
A12: 1120 | B12: PEJABAT TINGGI PEMERINTAH | C12: 0 | D12: 0 | E12: 0 | F12: 0 | G12: 0 | H12: 0 | I12: 0 | J12: 0 | K12: =C12+E12-G12-I12 -> 0 | L12: =D12+F12-H12-J12 -> 0
A13: 1130 | B13: KEPALA DESA DAN LURAH | C13: 0 | D13: 0 | E13: 0 | F13: 0 | G13: 0 | H13: 0 | I13: 0 | J13: 0 | K13: =C13+E13-G13-I13 -> 0 | L13: =D13+F13-H13-J13 -> 0
A14: 1141 | B14: PEMIMPIN ORGANISASI PARTAI POLITIK | C14: 0 | D14: 0 | E14: 0 | F14: 0 | G14: 0 | H14: 0 | I14: 0 | J14: 0 | K14: =C14+E14-G14-I14 -> 0 | L14: =D14+F14-H14-J14 -> 0
A15: 1142 | B15: PIMPINAN ORGANISASI PENGUSAHA, PEKERJA DAN ORGANISASI YANG BERKAITAN DENGAN KEPENTINGAN DARI ORGANISASI EKONOMI | C15: 0 | D15: 0 | E15: 0 | F15: 0 | G15: 0 | H15: 0 | I15: 0 | J15: 0 | K15: =C15+E15-G15-I15 -> 0 | L15: =D15+F15-H15-J15 -> 0
A16: 1143 | B16: PIMPINAN ORGANISASI KEMANUSIAAN DAN ORGANISASI KHUSUS | C16: 0 | D16: 0 | E16: 0 | F16: 0 | G16: 0 | H16: 0 | I16: 0 | J16: 0 | K16: =C16+E16-G16-I16 -> 0 | L16: =D16+F16-H16-J16 -> 0
A17: 1210 | B17: DIREKTUR DAN KEPALA EKSEKUTIF | C17: 0 | D17: 0 | E17: 0 | F17: 0 | G17: 0 | H17: 0 | I17: 0 | J17: 0 | K17: =C17+E17-G17-I17 -> 0 | L17: =D17+F17-H17-J17 -> 0
A18: 1221 | B18: MANAJER PRODUKSI DAN OPERASI DALAM BIDANG PERTANIAN PERBURUAN DAN PERIKANAN | C18: 0 | D18: 0 | E18: 0 | F18: 0 | G18: 0 | H18: 0 | I18: 0 | J18: 0 | K18: =C18+E18-G18-I18 -> 0 | L18: =D18+F18-H18-J18 -> 0
A19: 1223 | B19: MANAJER PRODUKSI DAN OPERASI DALAM BIDANG KONSTRUKSI | C19: 0 | D19: 0 | E19: 0 | F19: 0 | G19: 0 | H19: 0 | I19: 0 | J19: 0 | K19: =C19+E19-G19-I19 -> 0 | L19: =D19+F19-H19-J19 -> 0
A20: 1224 | B20: MANAJER PRODUKSI DAN OPERASI DOKUMEN DALAM BIDANG PERDAGANGA BESAR DAN ECERAN | C20: 0 | D20: 0 | E20: 0 | F20: 0 | G20: 0 | H20: 0 | I20: 0 | J20: 0 | K20: =C20+E20-G20-I20 -> 0 | L20: =D20+F20-H20-J20 -> 0
A21: 1225 | B21: MANAJER PRODUKSI DAN OPERASI DALAM BIDANG HOTEL DAN RESTORAN | C21: 0 | D21: 0 | E21: 0 | F21: 0 | G21: 0 | H21: 0 | I21: 0 | J21: 0 | K21: =C21+E21-G21-I21 -> 0 | L21: =D21+F21-H21-J21 -> 0
A22: 1226 | B22: MANAJER PRODUKSI DAN OPERASI DALAM BIDANG ANGKUTAN (LAYANAN TELEKOMUNIKASI) PERGUDANGAN & KOMUNIKASI | C22: 0 | D22: 0 | E22: 0 | F22: 0 | G22: 0 | H22: 0 | I22: 0 | J22: 0 | K22: =C22+E22-G22-I22 -> 0 | L22: =D22+F22-H22-J22 -> 0
... A39: 1319 | B39: MANAJER UMUM YANG TIDAK DAPAT DIKLASIFIKASIKAN PADA SUB GOL 1311 SAMPAI DENGAN 1318 | C39: 0 | D39: 0 | E39: 0 | F39: 0 | G39: 0 | H39: 0 | I39: 0 | J39: 0 | K39: =C39+E39-G39-I39 -> 0 | L39: =D39+F39-H39-J39 -> 0
A40: 2 | B40: TENAGA PROFESIONAL
A41: 2111 | B41: PAKAR FISIKA DAN ASTRONOMI | C41: 0 | D41: 0 | E41: 0 | F41: 0 | G41: 0 | H41: 0 | I41: 0 | J41: 0 | K41: =C41+E41-G41-I41 -> 0 | L41: =D41+F41-H41-J41 -> 0
A42: 2112 | B42: PAKAR METEOROLOGI | C42: 0 | D42: 0 | E42: 0 | F42: 0 | G42: 0 | H42: 0 | I42: 0 | J42: 0 | K42: =C42+E42-G42-I42 -> 0 | L42: =D42+F42-H42-J42 -> 0
A43: 2113 | B43: PAKAR KIMIA | C43: 0 | D43: 0 | E43: 0 | F43: 0 | G43: 0 | H43: 0 | I43: 0 | J43: 0 | K43: =C43+E43-G43-I43 -> 0 | L43: =D43+F43-H43-J43 -> 0
A44: 2114 | B44: PAKAR GEOLOGI DAN GEOFISIKA | C44: 0 | D44: 0 | E44: 0 | F44: 0 | G44: 0 | H44: 0 | I44: 0 | J44: 0 | K44: =C44+E44-G44-I44 -> 0 | L44: =D44+F44-H44-J44 -> 0
A45: 2121 | B45: PAKAR MATEMATIKA DAN PROFESI YANG SEJENIS | C45: 0 | D45: 0 | E45: 0 | F45: 0 | G45: 0 | H45: 0 | I45: 0 | J45: 0 | K45: =C45+E45-G45-I45 -> 0 | L45: =D45+F45-H45-J45 -> 0
A46: 2122 | B46: PAKAR STATISTIK | C46: 0 | D46: 0 | E46: 0 | F46: 0 | G46: 0 | H46: 0 | I46: 0 | J46: 0 | K46: =C46+E46-G46-I46 -> 0 | L46: =D46+F46-H46-J46 -> 0
A47: 2131 | B47: PERANCANG DAN ANALIS SISTEM KOMPUTER | C47: 0 | D47: 0 | E47: 0 | F47: 0 | G47: 0 | H47: 0 | I47: 0 | J47: 0 | K47: =C47+E47-G47-I47 -> 0 | L47: =D47+F47-H47-J47 -> 0
A48: 2132 | B48: PROGRAMER KOMPUTER | C48: 0 | D48: 0 | E48: 0 | F48: 0 | G48: 0 | H48: 0 | I48: 0 | J48: 0 | K48: =C48+E48-G48-I48 -> 0 | L48: =D48+F48-H48-J48 -> 0
A49: 2139 | B49: PAKAR KOMPUTER YTDL | C49: 0 | D49: 0 | E49: 0 | F49: 0 | G49: 0 | H49: 0 | I49: 0 | J49: 0 | K49: =C49+E49-G49-I49 -> 0 | L49: =D49+F49-H49-J49 -> 0
A50: 2141 | B50: ARSITEK PERENCANA TATA KOTA & LALU LINTAS | C50: 0 | D50: 0 | E50: 0 | F50: 0 | G50: 0 | H50: 0 | I50: 0 | J50: 0 | K50: =C50+E50-G50-I50 -> 0 | L50: =D50+F50-H50-J50 -> 0
A51: 2142 | B51: PEREKAYASA SIPIL | C51: 0 | D51: 0 | E51: 0 | F51: 0 | G51: 0 | H51: 0 | I51: 0 | J51: 0 | K51: =C51+E51-G51-I51 -> 0 | L51: =D51+F51-H51-J51 -> 0
A52: 2143 | B52: PEREKAYASA ELEKTRO | C52: 0 | D52: 0 | E52: 0 | F52: 0 | G52: 0 | H52: 0 | I52: 0 | J52: 0 | K52: =C52+E52-G52-I52 -> 0 | L52: =D52+F52-H52-J52 -> 0
... A92: 2460 | B92: PAKAR KEAGAMAAN | C92: 0 | D92: 0 | E92: 0 | F92: 0 | G92: 0 | H92: 0 | I92: 0 | J92: 0 | K92: =C92+E92-G92-I92 -> 0 | L92: =D92+F92-H92-J92 -> 0
A93: 3 | B93: TEKNISI DAN KELOMPOK JABATAN YANG SEJENIS
A94: 3111 | B94: TEKNISI ILMU KIMIA DAN FISIKA | C94: 0 | D94: 0 | E94: 0 | F94: 0 | G94: 0 | H94: 0 | I94: 0 | J94: 0 | K94: =C94+E94-G94-I94 -> 0 | L94: =D94+F94-H94-J94 -> 0
A95: 3112 | B95: TEKNISI PEREKAYASAAN SIPIL | C95: 1 | D95: 0 | E95: 0 | F95: 0 | G95: 0 | H95: 0 | I95: 0 | J95: 0 | K95: =C95+E95-G95-I95 -> 1 | L95: =D95+F95-H95-J95 -> 0
A96: 3113 | B96: TEKNISI PEREKAYASAAN LISTRIK | C96: 0 | D96: 0 | E96: 0 | F96: 0 | G96: 0 | H96: 0 | I96: 0 | J96: 0 | K96: =C96+E96-G96-I96 -> 0 | L96: =D96+F96-H96-J96 -> 0
A97: 3114 | B97: TEKNISI PEREKAYASAAN ELEKTRONIKA & TELEKOMUNIKASI | C97: 0 | D97: 0 | E97: 0 | F97: 0 | G97: 0 | H97: 0 | I97: 0 | J97: 0 | K97: =C97+E97-G97-I97 -> 0 | L97: =D97+F97-H97-J97 -> 0
A98: 3115 | B98: TEKNISI PEREKAYASAAN MEKANIK | C98: 37 | D98: 0 | E98: 0 | F98: 0 | G98: 0 | H98: 0 | I98: 0 | J98: 0 | K98: =C98+E98-G98-I98 -> 37 | L98: =D98+F98-H98-J98 -> 0
A99: 3116 | B99: TEKNISI PEREKAYASAAN KIMIA | C99: 0 | D99: 0 | E99: 0 | F99: 0 | G99: 0 | H99: 0 | I99: 0 | J99: 0 | K99: =C99+E99-G99-I99 -> 0 | L99: =D99+F99-H99-J99 -> 0
A100: 3117 | B100: TEKNISI PERTAMBANGAN DAN METALURGI | C100: 0 | D100: 0 | E100: 0 | F100: 0 | G100: 0 | H100: 0 | I100: 0 | J100: 0 | K100: =C100+E100-G100-I100 -> 0 | L100: =D100+F100-H100-J100 -> 0
A101: 3118 | B101: PERANCANG GAMBAR | C101: 0 | D101: 0 | E101: 0 | F101: 0 | G101: 0 | H101: 0 | I101: 0 | J101: 0 | K101: =C101+E101-G101-I101 -> 0 | L101: =D101+F101-H101-J101 -> 0
A102: 3119 | B102: TEKNISI ILMU FISIKA DAN PEREKAYASAAN YANG TIDAK DAPAT DIKLASIFKASIKAN DI 3111 S/D 3118 | C102: 0 | D102: 0 | E102: 0 | F102: 0 | G102: 0 | H102: 0 | I102: 0 | J102: 0 | K102: =C102+E102-G102-I102 -> 0 | L102: =D102+F102-H102-J102 -> 0
A103: 3121 | B103: ASISTEN KOMPUTER | C103: 0 | D103: 0 | E103: 0 | F103: 0 | G103: 0 | H103: 0 | I103: 0 | J103: 0 | K103: =C103+E103-G103-I103 -> 0 | L103: =D103+F103-H103-J103 -> 0
A104: 3122 | B104: OPERATOR PERLENGKAPAN KOMPUTER | C104: 0 | D104: 0 | E104: 0 | F104: 0 | G104: 0 | H104: 0 | I104: 0 | J104: 0 | K104: =C104+E104-G104-I104 -> 0 | L104: =D104+F104-H104-J104 -> 0
A105: 3123 | B105: PENGONTROL ROBOT INDUSTRI | C105: 0 | D105: 0 | E105: 0 | F105: 0 | G105: 0 | H105: 0 | I105: 0 | J105: 0 | K105: =C105+E105-G105-I105 -> 0 | L105: =D105+F105-H105-J105 -> 0
... A163: 3480 | B163: ASOSIASI PROFESI KEAGAMAAN | C163: 0 | D163: 0 | E163: 0 | F163: 0 | G163: 0 | H163: 0 | I163: 0 | J163: 0 | K163: =C163+E163-G163-I163 -> 0 | L163: =D163+F163-H163-J163 -> 0
A164: 4 | B164: PENATA USAHA
A165: 4111 | B165: STENOGRAF DAN PENGETIK | C165: 0 | D165: 0 | E165: 0 | F165: 0 | G165: 0 | H165: 0 | I165: 0 | J165: 0 | K165: =C165+E165-G165-I165 -> 0 | L165: =D165+F165-H165-J165 -> 0
A166: 4112 | B166: OPERATOR PENGOLAH DATA DAN SEJENIS | C166: 0 | D166: 3 | E166: 0 | F166: 0 | G166: 0 | H166: 0 | I166: 0 | J166: 0 | K166: =C166+E166-G166-I166 -> 0 | L166: =D166+F166-H166-J166 -> 3
A167: 4113 | B167: OPERATOR DATA ENTRI | C167: 0 | D167: 0 | E167: 0 | F167: 0 | G167: 0 | H167: 0 | I167: 0 | J167: 0 | K167: =C167+E167-G167-I167 -> 0 | L167: =D167+F167-H167-J167 -> 0
A168: 4114 | B168: OPERATOR MESIN PENGHITUNG | C168: 0 | D168: 0 | E168: 0 | F168: 0 | G168: 0 | H168: 0 | I168: 0 | J168: 0 | K168: =C168+E168-G168-I168 -> 0 | L168: =D168+F168-H168-J168 -> 0
A169: 4115 | B169: SEKRETARIS | C169: 0 | D169: 0 | E169: 0 | F169: 0 | G169: 0 | H169: 0 | I169: 0 | J169: 0 | K169: =C169+E169-G169-I169 -> 0 | L169: =D169+F169-H169-J169 -> 0
A170: 4121 | B170: PENATA USAHA AKUNTAN PEMBUKUAN | C170: 1 | D170: 0 | E170: 0 | F170: 0 | G170: 0 | H170: 0 | I170: 0 | J170: 0 | K170: =C170+E170-G170-I170 -> 1 | L170: =D170+F170-H170-J170 -> 0
A171: 4122 | B171: PENATA USAHA STATISTIK DAN KEUANGAN | C171: 0 | D171: 0 | E171: 0 | F171: 0 | G171: 0 | H171: 0 | I171: 0 | J171: 0 | K171: =C171+E171-G171-I171 -> 0 | L171: =D171+F171-H171-J171 -> 0
A172: 4131 | B172: PENATA USAHA PERSEDIAAN | C172: 0 | D172: 0 | E172: 0 | F172: 0 | G172: 0 | H172: 0 | I172: 0 | J172: 0 | K172: =C172+E172-G172-I172 -> 0 | L172: =D172+F172-H172-J172 -> 0
A173: 4132 | B173: PENATA USAHA PRODUKSI | C173: 0 | D173: 0 | E173: 0 | F173: 0 | G173: 0 | H173: 0 | I173: 0 | J173: 0 | K173: =C173+E173-G173-I173 -> 0 | L173: =D173+F173-H173-J173 -> 0
A174: 4133 | B174: PENATA USAHA ANGKUTAN | C174: 0 | D174: 0 | E174: 0 | F174: 0 | G174: 0 | H174: 0 | I174: 0 | J174: 0 | K174: =C174+E174-G174-I174 -> 0 | L174: =D174+F174-H174-J174 -> 0
A175: 4141 | B175: PENATA USAHA PERPUSTAKAAN DAN ARSIP | C175: 0 | D175: 0 | E175: 0 | F175: 0 | G175: 0 | H175: 0 | I175: 0 | J175: 0 | K175: =C175+E175-G175-I175 -> 0 | L175: =D175+F175-H175-J175 -> 0
A176: 4142 | B176: PENATA USAHA PENGIRIMAN DAN PENYORTITAN SURAT | C176: 0 | D176: 0 | E176: 0 | F176: 0 | G176: 0 | H176: 0 | I176: 0 | J176: 0 | K176: =C176+E176-G176-I176 -> 0 | L176: =D176+F176-H176-J176 -> 0
... A186: 4223 | B186: OPERATOR PAPAN PENYAMBUNGAN TELEPON | C186: 0 | D186: 0 | E186: 0 | F186: 0 | G186: 0 | H186: 0 | I186: 0 | J186: 0 | K186: =C186+E186-G186-I186 -> 0 | L186: =D186+F186-H186-J186 -> 0
A187: 5 | B187: TENAGA USAHA JASA DAN PENJUAL DAGANGAN DI TOKO DAN PASAR
A188: 5111 | B188: PRAMUGARA DAN PRAMUGARI PERJALANAN | C188: 0 | D188: 0 | E188: 0 | F188: 0 | G188: 0 | H188: 0 | I188: 0 | J188: 0 | K188: =C188+E188-G188-I188 -> 0 | L188: =D188+F188-H188-J188 -> 0
A189: 5112 | B189: KONDEKTUR PERJALANAN | C189: 0 | D189: 0 | E189: 0 | F189: 0 | G189: 0 | H189: 0 | I189: 0 | J189: 0 | K189: =C189+E189-G189-I189 -> 0 | L189: =D189+F189-H189-J189 -> 0
A190: 5113 | B190: PEMANDU PERJALANAN | C190: 0 | D190: 0 | E190: 0 | F190: 0 | G190: 0 | H190: 0 | I190: 0 | J190: 0 | K190: =C190+E190-G190-I190 -> 0 | L190: =D190+F190-H190-J190 -> 0
A191: 5121 | B191: PELAYAN, PRAMU RUMAH TANGGA DAN YANG SEJENIS | C191: 0 | D191: 0 | E191: 0 | F191: 0 | G191: 0 | H191: 0 | I191: 0 | J191: 0 | K191: =C191+E191-G191-I191 -> 0 | L191: =D191+F191-H191-J191 -> 0
A192: 5122 | B192: JURU MASAK | C192: 0 | D192: 0 | E192: 0 | F192: 0 | G192: 0 | H192: 0 | I192: 0 | J192: 0 | K192: =C192+E192-G192-I192 -> 0 | L192: =D192+F192-H192-J192 -> 0
A193: 5123 | B193: PRAMU RESTORAN DAN BAR | C193: 0 | D193: 0 | E193: 0 | F193: 0 | G193: 0 | H193: 0 | I193: 0 | J193: 0 | K193: =C193+E193-G193-I193 -> 0 | L193: =D193+F193-H193-J193 -> 0
A194: 5131 | B194: PENGASUH ANAK | C194: 0 | D194: 0 | E194: 0 | F194: 0 | G194: 0 | H194: 0 | I194: 0 | J194: 0 | K194: =C194+E194-G194-I194 -> 0 | L194: =D194+F194-H194-J194 -> 0
A195: 5132 | B195: PENGASUH PADA LEMBAGA PERORANGAN | C195: 0 | D195: 0 | E195: 0 | F195: 0 | G195: 0 | H195: 0 | I195: 0 | J195: 0 | K195: =C195+E195-G195-I195 -> 0 | L195: =D195+F195-H195-J195 -> 0
A196: 5139 | B196: PERAWAT PERORANGAN DAN YANG SEJENIS | C196: 0 | D196: 0 | E196: 0 | F196: 0 | G196: 0 | H196: 0 | I196: 0 | J196: 0 | K196: =C196+E196-G196-I196 -> 0 | L196: =D196+F196-H196-J196 -> 0
A197: 5141 | B197: PEMANGKAS RAMBUT, PENATA RAMBUT PERAWATKECANTIKAN DAN YANG SEJENIS | C197: 0 | D197: 0 | E197: 0 | F197: 0 | G197: 0 | H197: 0 | I197: 0 | J197: 0 | K197: =C197+E197-G197-I197 -> 0 | L197: =D197+F197-H197-J197 -> 0
A198: 5142 | B198: PRAMURIA DAN PELAYAN PRIA | C198: 0 | D198: 0 | E198: 0 | F198: 0 | G198: 0 | H198: 0 | I198: 0 | J198: 0 | K198: =C198+E198-G198-I198 -> 0 | L198: =D198+F198-H198-J198 -> 0
A199: 5143 | B199: PENGURUS PEMAKAMAN DAN PEMBALSEMAN JENASAH | C199: 0 | D199: 0 | E199: 0 | F199: 0 | G199: 0 | H199: 0 | I199: 0 | J199: 0 | K199: =C199+E199-G199-I199 -> 0 | L199: =D199+F199-H199-J199 -> 0
... A209: 5230 | B209: TENAGA PENJUALAN DI PASAR DAN PEDAGANG PINGGIR JALAN | C209: 3 | D209: 1 | E209: 0 | F209: 0 | G209: 0 | H209: 0 | I209: 0 | J209: 0 | K209: =C209+E209-G209-I209 -> 3 | L209: =D209+F209-H209-J209 -> 1
A210: 6 | B210: PEKERJA-PEKERJA KETERAMPILAN BIDANG PERTANIAN DAN PERIKANAN
A211: 6111 | B211: PENANAM LADANG DAN SAYURAN | C211: 0 | D211: 0 | E211: 0 | F211: 0 | G211: 0 | H211: 0 | I211: 0 | J211: 0 | K211: =C211+E211-G211-I211 -> 0 | L211: =D211+F211-H211-J211 -> 0
A212: 6112 | B212: PENANAM POHON DAN PERKEBUNAN | C212: 117 | D212: 0 | E212: 0 | F212: 0 | G212: 0 | H212: 0 | I212: 0 | J212: 0 | K212: =C212+E212-G212-I212 -> 117 | L212: =D212+F212-H212-J212 -> 0
A213: 6113 | B213: PEKERJA KEBUN HOLTIKULTURA DAN PERAWAT TUMBUHAN | C213: 0 | D213: 0 | E213: 0 | F213: 0 | G213: 0 | H213: 0 | I213: 0 | J213: 0 | K213: =C213+E213-G213-I213 -> 0 | L213: =D213+F213-H213-J213 -> 0
A214: 6114 | B214: PENANAM TANAMAN CAMPURAN | C214: 0 | D214: 0 | E214: 0 | F214: 0 | G214: 0 | H214: 0 | I214: 0 | J214: 0 | K214: =C214+E214-G214-I214 -> 0 | L214: =D214+F214-H214-J214 -> 0
A215: 6121 | B215: PRODUSEN SUSU DAN PETERNAK | C215: 0 | D215: 0 | E215: 0 | F215: 0 | G215: 0 | H215: 0 | I215: 0 | J215: 0 | K215: =C215+E215-G215-I215 -> 0 | L215: =D215+F215-H215-J215 -> 0
A216: 6122 | B216: PRODUSEN TERNAK UNGGAS | C216: 0 | D216: 0 | E216: 0 | F216: 0 | G216: 0 | H216: 0 | I216: 0 | J216: 0 | K216: =C216+E216-G216-I216 -> 0 | L216: =D216+F216-H216-J216 -> 0
A217: 6123 | B217: PETERNAK LEBAH DAN ULAT SUTERA | C217: 0 | D217: 0 | E217: 0 | F217: 0 | G217: 0 | H217: 0 | I217: 0 | J217: 0 | K217: =C217+E217-G217-I217 -> 0 | L217: =D217+F217-H217-J217 -> 0
A218: 6129 | B218: PRODUSEN2 DAN JABATAN2 YANG BERHUBUNGAN DENGAN PEMASARAN HEWAN HASIL HEWAN TERNAK | C218: 0 | D218: 0 | E218: 0 | F218: 0 | G218: 0 | H218: 0 | I218: 0 | J218: 0 | K218: =C218+E218-G218-I218 -> 0 | L218: =D218+F218-H218-J218 -> 0
A219: 6130 | B219: TENAGA PEMASARAN HASIL TANAMAN DAN HEWAN | C219: 0 | D219: 0 | E219: 0 | F219: 0 | G219: 0 | H219: 0 | I219: 0 | J219: 0 | K219: =C219+E219-G219-I219 -> 0 | L219: =D219+F219-H219-J219 -> 0
A220: 6141 | B220: PEKERJA KEHUTANAN DAN PENEBANG KAYU | C220: 0 | D220: 0 | E220: 0 | F220: 0 | G220: 0 | H220: 0 | I220: 0 | J220: 0 | K220: =C220+E220-G220-I220 -> 0 | L220: =D220+F220-H220-J220 -> 0
A221: 6142 | B221: PEKERJA PEMBAKARAN ARANG DAN PEKERJAAN YBDI | C221: 0 | D221: 0 | E221: 0 | F221: 0 | G221: 0 | H221: 0 | I221: 0 | J221: 0 | K221: =C221+E221-G221-I221 -> 0 | L221: =D221+F221-H221-J221 -> 0
A222: 6151 | B222: PETANI IKAN DARAT | C222: 0 | D222: 0 | E222: 0 | F222: 0 | G222: 0 | H222: 0 | I222: 0 | J222: 0 | K222: =C222+E222-G222-I222 -> 0 | L222: =D222+F222-H222-J222 -> 0
... A226: 6210 | B226: PEKERJA BERMATA PENCAHARIAN PERTANIAN | C226: 0 | D226: 0 | E226: 0 | F226: 0 | G226: 0 | H226: 0 | I226: 0 | J226: 0 | K226: =C226+E226-G226-I226 -> 0 | L226: =D226+F226-H226-J226 -> 0
A227: 7 | B227: PEKERJA KASAR TERAMPIL DAN SEJENISNYA YBDL
A228: 7111 | B228: PENAMBANG BATU, JURU TEMBAK DAN LEDAK ( TAMBANG ) | C228: 0 | D228: 0 | E228: 0 | F228: 0 | G228: 0 | H228: 0 | I228: 0 | J228: 0 | K228: =C228+E228-G228-I228 -> 0 | L228: =D228+F228-H228-J228 -> 0
A229: 7112 | B229: TEKNISI PELEDAKAN DAN PELEDAK | C229: 0 | D229: 0 | E229: 0 | F229: 0 | G229: 0 | H229: 0 | I229: 0 | J229: 0 | K229: =C229+E229-G229-I229 -> 0 | L229: =D229+F229-H229-J229 -> 0
A230: 7113 | B230: PEMECAH BATU, PEMOTONG DAN PEMAHAT | C230: 0 | D230: 0 | E230: 0 | F230: 0 | G230: 0 | H230: 0 | I230: 0 | J230: 0 | K230: =C230+E230-G230-I230 -> 0 | L230: =D230+F230-H230-J230 -> 0
A231: 7121 | B231: TUKANG BANGUNAN DARI BAHAN TRADISIONAL | C231: 0 | D231: 0 | E231: 0 | F231: 0 | G231: 0 | H231: 0 | I231: 0 | J231: 0 | K231: =C231+E231-G231-I231 -> 0 | L231: =D231+F231-H231-J231 -> 0
A232: 7122 | B232: PEMASANG KERAMIK DAN TUKANG BATU | C232: 0 | D232: 0 | E232: 0 | F232: 0 | G232: 0 | H232: 0 | I232: 0 | J232: 0 | K232: =C232+E232-G232-I232 -> 0 | L232: =D232+F232-H232-J232 -> 0
A233: 7123 | B233: PEMASANG BETON CETAKAN, TUKANG POLES DAN SEJENISNYA | C233: 0 | D233: 0 | E233: 0 | F233: 0 | G233: 0 | H233: 0 | I233: 0 | J233: 0 | K233: =C233+E233-G233-I233 -> 0 | L233: =D233+F233-H233-J233 -> 0
A234: 7124 | B234: TUKANG KAYU DAN PEMBUAT PERABOT RUMAH TANGGA DARI KAYU | C234: 0 | D234: 0 | E234: 0 | F234: 0 | G234: 0 | H234: 0 | I234: 0 | J234: 0 | K234: =C234+E234-G234-I234 -> 0 | L234: =D234+F234-H234-J234 -> 0
...

Sheet ipk.3.6
A1: IPK III/6 : LOWONGAN KERJA YANG TERDAFTAR, DITEMPATKAN DAN DIHAPUSKAN DI
A2: KABUPATEN PASER MENURUT GOLONGAN POKOK LAPANGAN USAHA
A3: ='ipk3.5'!A3 -> PADA TANGGAL : 1 AGUSTUS 2025 s/d 31 AGUSTUS 2025
A5: Kode | B5: Golongan Pokok Lapangan Usaha | C5: Sisa akhir bulan lalu | E5: Pendaftaran bulan ini | G5: Penempatan bulan ini | I5: Penghapuskan bulan ini | K5: Sisa akhir bulan ini
C6: L | D6: W | E6: L | F6: W | G6: L | H6: W | I6: L | J6: W | K6: L | L6: W
A7: 1 | C7: 2 | D7: 3 | E7: 4 | F7: 5 | G7: 6 | H7: 7 | I7: 8 | J7: 9 | K7: 10 | L7: 11
A8: A | B8: PERTANIAN, KEHUTANAN DAN PERIKANAN
A9: 11 | B9: PERTANIAN TANAMAN SEMUSIM | C9: 0 | D9: 0 | E9: 0 | F9: 0 | G9: 0 | H9: 0 | I9: 0 | J9: 0 | K9: =C9+E9-G9-I9 -> 0 | L9: =D9+F9-H9-J9 -> 0
A10: 12 | B10: PERTANIAN TANAMAN TAHUNAN | C10: 147 | D10: 7 | E10: 0 | F10: 0 | G10: 0 | H10: 0 | I10: 0 | J10: 0 | K10: =C10+E10-G10-I10 -> 147 | L10: =D10+F10-H10-J10 -> 7
A11: 13 | B11: PERTANIAN TANAMAN HIAS DAN PENGEMBANGBIAKAN TANAMAN | C11: 0 | D11: 0 | E11: 0 | F11: 0 | G11: 0 | H11: 0 | I11: 0 | J11: 0 | K11: =C11+E11-G11-I11 -> 0 | L11: =D11+F11-H11-J11 -> 0
A12: 14 | B12: PETERNAKAN | C12: 0 | D12: 0 | E12: 0 | F12: 0 | G12: 0 | H12: 0 | I12: 0 | J12: 0 | K12: =C12+E12-G12-I12 -> 0 | L12: =D12+F12-H12-J12 -> 0
A13: 16 | B13: JASA PENUNJANG PERTANIAN DAN PASCA PANEN | C13: 0 | D13: 0 | E13: 0 | F13: 0 | G13: 0 | H13: 0 | I13: 0 | J13: 0 | K13: =C13+E13-G13-I13 -> 0 | L13: =D13+F13-H13-J13 -> 0
A14: 17 | B14: PERBURUAN, PENANGKAPAN DAN PENANGKARAN SATWA LIAR | C14: 0 | D14: 0 | E14: 0 | F14: 0 | G14: 0 | H14: 0 | I14: 0 | J14: 0 | K14: =C14+E14-G14-I14 -> 0 | L14: =D14+F14-H14-J14 -> 0
A15: 21 | B15: PENGUSAHAAN HUTAN | C15: 0 | D15: 0 | E15: 0 | F15: 0 | G15: 0 | H15: 0 | I15: 0 | J15: 0 | K15: =C15+E15-G15-I15 -> 0 | L15: =D15+F15-H15-J15 -> 0
A16: 22 | B16: PENEBANGAN DAN PEMUNGUTAN KAYU | C16: 0 | D16: 0 | E16: 0 | F16: 0 | G16: 0 | H16: 0 | I16: 0 | J16: 0 | K16: =C16+E16-G16-I16 -> 0 | L16: =D16+F16-H16-J16 -> 0
A17: 23 | B17: PEMUNGUTAN HASIL HUTAN BUKAN KAYU | C17: 0 | D17: 0 | E17: 0 | F17: 0 | G17: 0 | H17: 0 | I17: 0 | J17: 0 | K17: =C17+E17-G17-I17 -> 0 | L17: =D17+F17-H17-J17 -> 0
A18: 24 | B18: JASA PENUNJANG KEHUTANAN | C18: 0 | D18: 0 | E18: 0 | F18: 0 | G18: 0 | H18: 0 | I18: 0 | J18: 0 | K18: =C18+E18-G18-I18 -> 0 | L18: =D18+F18-H18-J18 -> 0
A19: 31 | B19: PERIKANAN TANGKAP | C19: 0 | D19: 0 | E19: 0 | F19: 0 | G19: 0 | H19: 0 | I19: 0 | J19: 0 | K19: =C19+E19-G19-I19 -> 0 | L19: =D19+F19-H19-J19 -> 0
A20: 32 | B20: PERIKANAN BUDIDAYA | C20: 0 | D20: 0 | E20: 0 | F20: 0 | G20: 0 | H20: 0 | I20: 0 | J20: 0 | K20: =C20+E20-G20-I20 -> 0 | L20: =D20+F20-H20-J20 -> 0
A21: B | B21: PERTAMBANGAN DAN PENGGALIAN
A22: 51 | B22: PERTAMBANGAN BATU BARA | C22: 305 | D22: 0 | E22: 0 | F22: 0 | G22: 0 | H22: 0 | I22: 0 | J22: 0 | K22: =C22+E22-G22-I22 -> 305 | L22: =D22+F22-H22-J22 -> 0
A23: 52 | B23: PERTAMBANGAN LIGNIT | C23: 0 | D23: 0 | E23: 0 | F23: 0 | G23: 0 | H23: 0 | I23: 0 | J23: 0 | K23: =C23+E23-G23-I23 -> 0 | L23: =D23+F23-H23-J23 -> 0
A24: 61 | B24: PERTAMBANGAN MINYAK BUMI | C24: 0 | D24: 0 | E24: 0 | F24: 0 | G24: 0 | H24: 0 | I24: 0 | J24: 0 | K24: =C24+E24-G24-I24 -> 0 | L24: =D24+F24-H24-J24 -> 0
A25: 62 | B25: PERTAMBANGAN GAS ALAM DAN PANAS BUMI | C25: 0 | D25: 0 | E25: 0 | F25: 0 | G25: 0 | H25: 0 | I25: 0 | J25: 0 | K25: =C25+E25-G25-I25 -> 0 | L25: =D25+F25-H25-J25 -> 0
A26: 71 | B26: PERTAMBANGAN PASIR BESI DAN BIJIH BESI | C26: 0 | D26: 0 | E26: 0 | F26: 0 | G26: 0 | H26: 0 | I26: 0 | J26: 0 | K26: =C26+E26-G26-I26 -> 0 | L26: =D26+F26-H26-J26 -> 0
A27: 72 | B27: PERTAMBANGAN BIJIH LOGAM YANG TIDAK MENGANDUNG BESI,TIDAK TERMASUK BIJIH LOGAM MULIA | C27: 0 | D27: 0 | E27: 0 | F27: 0 | G27: 0 | H27: 0 | I27: 0 | J27: 0 | K27: =C27+E27-G27-I27 -> 0 | L27: =D27+F27-H27-J27 -> 0
A28: 73 | B28: PERTAMBANGAN BIJIH LOGAM MULIA | C28: 0 | D28: 0 | E28: 0 | F28: 0 | G28: 0 | H28: 0 | I28: 0 | J28: 0 | K28: =C28+E28-G28-I28 -> 0 | L28: =D28+F28-H28-J28 -> 0
A29: 81 | B29: PENGGALIAN BATU, PASIR DAN TANAH LIAT | C29: 0 | D29: 0 | E29: 0 | F29: 0 | G29: 0 | H29: 0 | I29: 0 | J29: 0 | K29: =C29+E29-G29-I29 -> 0 | L29: =D29+F29-H29-J29 -> 0
A30: 89 | B30: PERTAMBANGAN DAN PENGGALIAN LAINNYA YTDL | C30: 0 | D30: 0 | E30: 0 | F30: 0 | G30: 0 | H30: 0 | I30: 0 | J30: 0 | K30: =C30+E30-G30-I30 -> 0 | L30: =D30+F30-H30-J30 -> 0
A31: 91 | B31: JASA PERTAMBANGAN MINYAK BUMI DAN GAS ALAM | C31: 0 | D31: 0 | E31: 0 | F31: 0 | G31: 0 | H31: 0 | I31: 0 | J31: 0 | K31: =C31+E31-G31-I31 -> 0 | L31: =D31+F31-H31-J31 -> 0
A32: 99 | B32: JASA PERTAMBANGAN DAN PENGGALIAN LAINNYA | C32: 4 | D32: 1 | E32: 0 | F32: 0 | G32: 0 | H32: 0 | I32: 0 | J32: 0 | K32: =C32+E32-G32-I32 -> 4 | L32: =D32+F32-H32-J32 -> 1
A33: C | B33: INDUSTRI PENGOLAHAN
A34: 101 | B34: INDUSTRI PENGOLAHAN DAN PENGAWETAN DAGING | C34: 0 | D34: 0 | E34: 0 | F34: 0 | G34: 0 | H34: 0 | I34: 0 | J34: 0 | K34: =C34+E34-G34-I34 -> 0 | L34: =D34+F34-H34-J34 -> 0
A35: 102 | B35: INDUSTRI PENGOLAHAN DAN PENGAWETAN IKAN DAN BIOTA AIR | C35: 0 | D35: 0 | E35: 0 | F35: 0 | G35: 0 | H35: 0 | I35: 0 | J35: 0 | K35: =C35+E35-G35-I35 -> 0 | L35: =D35+F35-H35-J35 -> 0
A36: 103 | B36: INDUSTRI PENGOLAHAN DAN PENGAWETAN BUAH-BUAHAN DAN SAYURAN | C36: 0 | D36: 0 | E36: 0 | F36: 0 | G36: 0 | H36: 0 | I36: 0 | J36: 0 | K36: =C36+E36-G36-I36 -> 0 | L36: =D36+F36-H36-J36 -> 0
A37: 104 | B37: INDUSTRI MINYAK MAKAN DAN LEMAK NABATI DAN HEWANI | C37: 0 | D37: 0 | E37: 0 | F37: 0 | G37: 0 | H37: 0 | I37: 0 | J37: 0 | K37: =C37+E37-G37-I37 -> 0 | L37: =D37+F37-H37-J37 -> 0
A38: 105 | B38: INDUSTRI PENGOLAHAN SUSU, PRODUK DARI SUSU DAN ES KRIM | C38: 0 | D38: 0 | E38: 0 | F38: 0 | G38: 0 | H38: 0 | I38: 0 | J38: 0 | K38: =C38+E38-G38-I38 -> 0 | L38: =D38+F38-H38-J38 -> 0
A39: 106 | B39: INDUSTRI PENGGILINGAN PADI-PADIAN, TEPUNG DAN PATI | C39: 0 | D39: 0 | E39: 0 | F39: 0 | G39: 0 | H39: 0 | I39: 0 | J39: 0 | K39: =C39+E39-G39-I39 -> 0 | L39: =D39+F39-H39-J39 -> 0
A40: 107 | B40: INDUSTRI MAKANAN LAINNYA | C40: 0 | D40: 0 | E40: 0 | F40: 0 | G40: 0 | H40: 0 | I40: 0 | J40: 0 | K40: =C40+E40-G40-I40 -> 0 | L40: =D40+F40-H40-J40 -> 0
A41: 108 | B41: INDUSTRI MAKANAN HEWAN | C41: 0 | D41: 0 | E41: 0 | F41: 0 | G41: 0 | H41: 0 | I41: 0 | J41: 0 | K41: =C41+E41-G41-I41 -> 0 | L41: =D41+F41-H41-J41 -> 0
A42: 110 | B42: INDUSTRI MINUMAN | C42: 0 | D42: 0 | E42: 0 | F42: 0 | G42: 0 | H42: 0 | I42: 0 | J42: 0 | K42: =C42+E42-G42-I42 -> 0 | L42: =D42+F42-H42-J42 -> 0
A43: 120 | B43: INDUSTRI PENGOLAHAN TEMBAKAU | C43: 0 | D43: 0 | E43: 0 | F43: 0 | G43: 0 | H43: 0 | I43: 0 | J43: 0 | K43: =C43+E43-G43-I43 -> 0 | L43: =D43+F43-H43-J43 -> 0
A44: 131 | B44: INDUSTRI PEMINTALAN, PENENUNAN DAN PENYELESAIAN AKHIR TEKSTIL | C44: 0 | D44: 0 | E44: 0 | F44: 0 | G44: 0 | H44: 0 | I44: 0 | J44: 0 | K44: =C44+E44-G44-I44 -> 0 | L44: =D44+F44-H44-J44 -> 0
A45: 139 | B45: INDUSTRI TEKSTIL LAINNYA | C45: 0 | D45: 0 | E45: 0 | F45: 0 | G45: 0 | H45: 0 | I45: 0 | J45: 0 | K45: =C45+E45-G45-I45 -> 0 | L45: =D45+F45-H45-J45 -> 0
... A104: 332 | B104: JASA PEMASANGAN MESIN DAN PERALATAN INDUSTRI | C104: 0 | D104: 0 | E104: 0 | F104: 0 | G104: 0 | H104: 0 | I104: 0 | J104: 0 | K104: =C104+E104-G104-I104 -> 0 | L104: =D104+F104-H104-J104 -> 0
A105: D | B105: PENGADAAN LISTRIK, GAS, UAP/AIR PANAS DAN UDARA DINGIN
A106: 351 | B106: KETENAGALISTRIKAN | C106: 0 | D106: 0 | E106: 0 | F106: 0 | G106: 0 | H106: 0 | I106: 0 | J106: 0 | K106: =C106+E106-G106-I106 -> 0 | L106: =D106+F106-H106-J106 -> 0
A107: 352 | B107: GAS ALAM DAN BUATAN | C107: 0 | D107: 0 | E107: 0 | F107: 0 | G107: 0 | H107: 0 | I107: 0 | J107: 0 | K107: =C107+E107-G107-I107 -> 0 | L107: =D107+F107-H107-J107 -> 0
A108: 353 | B108: PENGADAAN UAP/AIR PANAS, UDARA DINGIN DAN PRODUKSI ES | C108: 0 | D108: 0 | E108: 0 | F108: 0 | G108: 0 | H108: 0 | I108: 0 | J108: 0 | K108: =C108+E108-G108-I108 -> 0 | L108: =D108+F108-H108-J108 -> 0
A109: E | B109: PENGADAAN AIR, PENGOLAHAN SAMPAHDAN DAUR ULANG, PEMBUANGAN DAN PEMBERSIHAN LIMBAH DAN SAMPAH
A110: 360 | B110: PENGADAAN AIR | C110: 0 | D110: 0 | E110: 0 | F110: 0 | G110: 0 | H110: 0 | I110: 0 | J110: 0 | K110: =C110+E110-G110-I110 -> 0 | L110: =D110+F110-H110-J110 -> 0
A111: 370 | B111: PENGELOLAAN LIMBAH | C111: 0 | D111: 0 | E111: 0 | F111: 0 | G111: 0 | H111: 0 | I111: 0 | J111: 0 | K111: =C111+E111-G111-I111 -> 0 | L111: =D111+F111-H111-J111 -> 0
A112: 381 | B112: PENGUMPULAN SAMPAH | C112: 0 | D112: 0 | E112: 0 | F112: 0 | G112: 0 | H112: 0 | I112: 0 | J112: 0 | K112: =C112+E112-G112-I112 -> 0 | L112: =D112+F112-H112-J112 -> 0
A113: 382 | B113: PENGELOLAAN DAN PEMBUANGAN SAMPAH | C113: 0 | D113: 0 | E113: 0 | F113: 0 | G113: 0 | H113: 0 | I113: 0 | J113: 0 | K113: =C113+E113-G113-I113 -> 0 | L113: =D113+F113-H113-J113 -> 0
A114: 383 | B114: DAUR ULANG | C114: 0 | D114: 0 | E114: 0 | F114: 0 | G114: 0 | H114: 0 | I114: 0 | J114: 0 | K114: =C114+E114-G114-I114 -> 0 | L114: =D114+F114-H114-J114 -> 0
A115: 390 | B115: JASA PEMBERSIHAN DAN PENGELOLAAN SAMPAH LAINNYA | C115: 0 | D115: 0 | E115: 0 | F115: 0 | G115: 0 | H115: 0 | I115: 0 | J115: 0 | K115: =C115+E115-G115-I115 -> 0 | L115: =D115+F115-H115-J115 -> 0
A116: F | B116: KONSTRUKSI
A117: 410 | B117: KONSTRUKSI GEDUNG | C117: 0 | D117: 0 | E117: 0 | F117: 0 | G117: 0 | H117: 0 | I117: 0 | J117: 0 | K117: =C117+E117-G117-I117 -> 0 | L117: =D117+F117-H117-J117 -> 0
A118: 421 | B118: KONSTRUKSI JALAN DAN REL KERETA API | C118: 0 | D118: 0 | E118: 0 | F118: 0 | G118: 0 | H118: 0 | I118: 0 | J118: 0 | K118: =C118+E118-G118-I118 -> 0 | L118: =D118+F118-H118-J118 -> 0
A119: 422 | B119: KONSTRUKSI JARINGAN SALURAN UNTUK IRIGASI, KOMUNIKASI DAN LIMBAH | C119: 0 | D119: 0 | E119: 0 | F119: 0 | G119: 0 | H119: 0 | I119: 0 | J119: 0 | K119: =C119+E119-G119-I119 -> 0 | L119: =D119+F119-H119-J119 -> 0
A120: 429 | B120: KONSTRUKSI BANGUNAN SIPIL LAINNYA | C120: 0 | D120: 0 | E120: 0 | F120: 0 | G120: 0 | H120: 0 | I120: 0 | J120: 0 | K120: =C120+E120-G120-I120 -> 0 | L120: =D120+F120-H120-J120 -> 0
A121: 431 | B121: PEMBONGKARAN DAN PENYIAPAN LAHAN | C121: 0 | D121: 0 | E121: 0 | F121: 0 | G121: 0 | H121: 0 | I121: 0 | J121: 0 | K121: =C121+E121-G121-I121 -> 0 | L121: =D121+F121-H121-J121 -> 0
A122: 432 | B122: INSTALASI SISTEM KELISTRIKAN, AIR (PIPA) DAN INSTALASI KONSTRUKSI LAINNYA | C122: 0 | D122: 0 | E122: 0 | F122: 0 | G122: 0 | H122: 0 | I122: 0 | J122: 0 | K122: =C122+E122-G122-I122 -> 0 | L122: =D122+F122-H122-J122 -> 0
A123: 433 | B123: PENYELESAIAN KONSTRUKSI BANGUNAN | C123: 0 | D123: 0 | E123: 0 | F123: 0 | G123: 0 | H123: 0 | I123: 0 | J123: 0 | K123: =C123+E123-G123-I123 -> 0 | L123: =D123+F123-H123-J123 -> 0
A124: 439 | B124: KONSTRUKSI KHUSUS LAINNYA | C124: 0 | D124: 0 | E124: 0 | F124: 0 | G124: 0 | H124: 0 | I124: 0 | J124: 0 | K124: =C124+E124-G124-I124 -> 0 | L124: =D124+F124-H124-J124 -> 0
A125: G | B125: PERDAGANGAN BESAR DAN ECERAN; REPARASI DAN PERAWATAN MOBIL DAN SEPEDA MOTOR
A126: 451 | B126: PERDAGANGAN MOBIL | C126: 0 | D126: 0 | E126: 0 | F126: 0 | G126: 0 | H126: 0 | I126: 0 | J126: 0 | K126: =C126+E126-G126-I126 -> 0 | L126: =D126+F126-H126-J126 -> 0
A127: 452 | B127: REPARASI DAN PERAWATAN MOBIL | C127: 0 | D127: 0 | E127: 0 | F127: 0 | G127: 0 | H127: 0 | I127: 0 | J127: 0 | K127: =C127+E127-G127-I127 -> 0 | L127: =D127+F127-H127-J127 -> 0
A128: 453 | B128: PERDAGANGAN SUKU CADANG DAN AKSESORI MOBIL | C128: 0 | D128: 0 | E128: 0 | F128: 0 | G128: 0 | H128: 0 | I128: 0 | J128: 0 | K128: =C128+E128-G128-I128 -> 0 | L128: =D128+F128-H128-J128 -> 0
A129: 454 | B129: PERDAGANGAN, REPARASI DAN PERAWATAN SEPEDA MOTOR DAN PERDAGANGAN SUKU CADANG DAN AKSESORINYA | C129: 0 | D129: 0 | E129: 0 | F129: 0 | G129: 0 | H129: 0 | I129: 0 | J129: 0 | K129: =C129+E129-G129-I129 -> 0 | L129: =D129+F129-H129-J129 -> 0
A130: 461 | B130: PERDAGANGAN BESAR ATAS DASAR BALAS JASA (FEE) ATAU KONTRAK | C130: 0 | D130: 0 | E130: 0 | F130: 0 | G130: 0 | H130: 0 | I130: 0 | J130: 0 | K130: =C130+E130-G130-I130 -> 0 | L130: =D130+F130-H130-J130 -> 0
A131: 462 | B131: PERDAGANGAN BESAR HASIL PERTANIAN DAN HEWAN HIDUP | C131: 0 | D131: 0 | E131: 0 | F131: 0 | G131: 0 | H131: 0 | I131: 0 | J131: 0 | K131: =C131+E131-G131-I131 -> 0 | L131: =D131+F131-H131-J131 -> 0
A132: 463 | B132: PERDAGANGAN BESAR MAKANAN, MINUMAN DAN TEMBAKAU | C132: 0 | D132: 0 | E132: 0 | F132: 0 | G132: 0 | H132: 0 | I132: 0 | J132: 0 | K132: =C132+E132-G132-I132 -> 0 | L132: =D132+F132-H132-J132 -> 0
A133: 464 | B133: PERDAGANGAN BESAR BARANG KEPERLUAN RUMAH TANGGA | C133: 0 | D133: 0 | E133: 0 | F133: 0 | G133: 0 | H133: 0 | I133: 0 | J133: 0 | K133: =C133+E133-G133-I133 -> 0 | L133: =D133+F133-H133-J133 -> 0
A134: 465 | B134: PERDAGANGAN BESAR MESIN, PERALATAN DAN PERLENGKAPANNYA | C134: 0 | D134: 0 | E134: 0 | F134: 0 | G134: 0 | H134: 0 | I134: 0 | J134: 0 | K134: =C134+E134-G134-I134 -> 0 | L134: =D134+F134-H134-J134 -> 0
A135: 466 | B135: PERDAGANGAN BESAR KHUSUS LAINNYA | C135: 0 | D135: 0 | E135: 0 | F135: 0 | G135: 0 | H135: 0 | I135: 0 | J135: 0 | K135: =C135+E135-G135-I135 -> 0 | L135: =D135+F135-H135-J135 -> 0
A136: 469 | B136: PERDAGANGAN BESAR BERBAGAI MACAM BARANG | C136: 0 | D136: 0 | E136: 0 | F136: 0 | G136: 0 | H136: 0 | I136: 0 | J136: 0 | K136: =C136+E136-G136-I136 -> 0 | L136: =D136+F136-H136-J136 -> 0
A137: 471 | B137: PERDAGANGAN ECERAN BERBAGAI MACAM BARANG DI TOKO | C137: 0 | D137: 0 | E137: 0 | F137: 0 | G137: 0 | H137: 0 | I137: 0 | J137: 0 | K137: =C137+E137-G137-I137 -> 0 | L137: =D137+F137-H137-J137 -> 0
... A145: 479 | B145: PERDAGANGAN ECERAN BUKAN DI TOKO, KAKI LIMA DAN LOS PASAR | C145: 0 | D145: 0 | E145: 0 | F145: 0 | G145: 0 | H145: 0 | I145: 0 | J145: 0 | K145: =C145+E145-G145-I145 -> 0 | L145: =D145+F145-H145-J145 -> 0
A146: H | B146: TRANSPORTASI DAN PERGUDANGAN
A147: 491 | B147: ANGKUTAN JALAN REL | C147: 0 | D147: 0 | E147: 0 | F147: 0 | G147: 0 | H147: 0 | I147: 0 | J147: 0 | K147: =C147+E147-G147-I147 -> 0 | L147: =D147+F147-H147-J147 -> 0
A148: 492 | B148: ANGKUTAN BUS | C148: 0 | D148: 0 | E148: 0 | F148: 0 | G148: 0 | H148: 0 | I148: 0 | J148: 0 | K148: =C148+E148-G148-I148 -> 0 | L148: =D148+F148-H148-J148 -> 0
A149: 493 | B149: ANGKUTAN MELALUI SALURAN PIPA | C149: 0 | D149: 0 | E149: 0 | F149: 0 | G149: 0 | H149: 0 | I149: 0 | J149: 0 | K149: =C149+E149-G149-I149 -> 0 | L149: =D149+F149-H149-J149 -> 0
A150: 494 | B150: ANGKUTAN DARAT BUKAN BUS | C150: 0 | D150: 0 | E150: 0 | F150: 0 | G150: 0 | H150: 0 | I150: 0 | J150: 0 | K150: =C150+E150-G150-I150 -> 0 | L150: =D150+F150-H150-J150 -> 0
A151: 501 | B151: ANGKUTAN LAUT | C151: 0 | D151: 0 | E151: 0 | F151: 0 | G151: 0 | H151: 0 | I151: 0 | J151: 0 | K151: =C151+E151-G151-I151 -> 0 | L151: =D151+F151-H151-J151 -> 0
A152: 502 | B152: ANGKUTAN SUNGAI, DANAU DAN PENYEBERANGAN | C152: 0 | D152: 0 | E152: 0 | F152: 0 | G152: 0 | H152: 0 | I152: 0 | J152: 0 | K152: =C152+E152-G152-I152 -> 0 | L152: =D152+F152-H152-J152 -> 0
A153: 511 | B153: ANGKUTAN UDARA UNTUK PENUMPANG | C153: 0 | D153: 0 | E153: 0 | F153: 0 | G153: 0 | H153: 0 | I153: 0 | J153: 0 | K153: =C153+E153-G153-I153 -> 0 | L153: =D153+F153-H153-J153 -> 0
A154: 512 | B154: ANGKUTAN UDARA UNTUK BARANG | C154: 0 | D154: 0 | E154: 0 | F154: 0 | G154: 0 | H154: 0 | I154: 0 | J154: 0 | K154: =C154+E154-G154-I154 -> 0 | L154: =D154+F154-H154-J154 -> 0
A155: 521 | B155: PERGUDANGAN | C155: 0 | D155: 0 | E155: 0 | F155: 0 | G155: 0 | H155: 0 | I155: 0 | J155: 0 | K155: =C155+E155-G155-I155 -> 0 | L155: =D155+F155-H155-J155 -> 0
A156: 522 | B156: JASA PENUNJANG ANGKUTAN | C156: 1 | D156: 0 | E156: 0 | F156: 0 | G156: 0 | H156: 0 | I156: 0 | J156: 0 | K156: =C156+E156-G156-I156 -> 1 | L156: =D156+F156-H156-J156 -> 0
A157: 531 | B157: POS | C157: 0 | D157: 0 | E157: 0 | F157: 0 | G157: 0 | H157: 0 | I157: 0 | J157: 0 | K157: =C157+E157-G157-I157 -> 0 | L157: =D157+F157-H157-J157 -> 0
A158: 532 | B158: KURIR | C158: 0 | D158: 0 | E158: 0 | F158: 0 | G158: 0 | H158: 0 | I158: 0 | J158: 0 | K158: =C158+E158-G158-I158 -> 0 | L158: =D158+F158-H158-J158 -> 0
A159: I | B159: PENYEDIAAN AKOMODASI DAN PENYEDIAAN MAKAN MINUM
A160: 551 | B160: PENYEDIAAN AKOMODASI JANGKA PENDEK | C160: 0 | D160: 0 | E160: 0 | F160: 0 | G160: 0 | H160: 0 | I160: 0 | J160: 0 | K160: =C160+E160-G160-I160 -> 0 | L160: =D160+F160-H160-J160 -> 0
A161: 559 | B161: PENYEDIAAN AKOMODASI LAINNYA | C161: 0 | D161: 0 | E161: 0 | F161: 0 | G161: 0 | H161: 0 | I161: 0 | J161: 0 | K161: =C161+E161-G161-I161 -> 0 | L161: =D161+F161-H161-J161 -> 0
A162: 561 | B162: RESTORAN DAN PENYEDIAAN MAKANAN KELILING | C162: 0 | D162: 0 | E162: 0 | F162: 0 | G162: 0 | H162: 0 | I162: 0 | J162: 0 | K162: =C162+E162-G162-I162 -> 0 | L162: =D162+F162-H162-J162 -> 0
A163: 562 | B163: JASA BOGA UNTUK SUATU EVENT TERTENTU (EVENT CATERING) DAN PENYEDIAAN MAKANAN LAINNYA | C163: 0 | D163: 0 | E163: 0 | F163: 0 | G163: 0 | H163: 0 | I163: 0 | J163: 0 | K163: =C163+E163-G163-I163 -> 0 | L163: =D163+F163-H163-J163 -> 0
A164: 563 | B164: PENYEDIAAN MINUMAN | C164: 0 | D164: 0 | E164: 0 | F164: 0 | G164: 0 | H164: 0 | I164: 0 | J164: 0 | K164: =C164+E164-G164-I164 -> 0 | L164: =D164+F164-H164-J164 -> 0
A165: J | B165: INFORMASI DAN KOMUNIKASI
A166: 581 | B166: PENERBITAN BUKU, MAJALAH DAN TERBITAN LAINNYA | C166: 0 | D166: 0 | E166: 0 | F166: 0 | G166: 0 | H166: 0 | I166: 0 | J166: 0 | K166: =C166+E166-G166-I166 -> 0 | L166: =D166+F166-H166-J166 -> 0
...

Sheet ipk.3.7
A1: IPK III/7 : PENCARI KERJA YANG TERDAFTAR, DITEMPATKAN DAN DIHAPUSKAN
A2: DI KABUPATEN PASER MENURUT LAMA LULUSAN DAN TINGKAT PENDIDIKAN
A3: ='ipk.3.6'!A3 -> PADA TANGGAL : 1 AGUSTUS 2025 s/d 31 AGUSTUS 2025
A5: Kode | B5: Golongan Pokok Lapangan Usaha | C5: Sisa akhir bulan lalu | F5: Pendaftaran bulan ini | I5: Penempatan bulan ini | L5: Penghapuskan bulan ini | O5: Sisa akhir bulan ini
C6: (0-2) | D6: (3-5) | E6: (6+) | F6: (0-2) | G6: (3-5) | H6: (6+) | I6: (0-2) | J6: (3-5) | K6: (6+) | L6: (0-2) | M6: (3-5) | N6: (6+) | O6: (0-2) | P6: (3-5) | Q6: (6+)
A7: 1 | B7: 2 | C7: 3 | D7: 4 | E7: 5 | F7: 6 | G7: 7 | H7: 8 | I7: 9 | J7: 10 | K7: 11 | L7: 12 | M7: 13 | N7: 14 | O7: 15 | P7: 16 | Q7: 17
A8: 1001 | B8: BH & TIDAK TAMAT SD
A9: 1101 | B9: TIDAK TAMAT SD | C9: 5 | D9: 0 | E9: 0 | F9: 0 | G9: 0 | H9: 0 | I9: 0 | J9: 0 | K9: 0 | L9: 0 | M9: 0 | N9: 0 | O9: =C9+F9-I9-L9 -> 5 | P9: =D9+G9-J9-M9 -> 0 | Q9: =E9+H9-K9-N9 -> 0
A10: 1002 | B10: S.D
A11: 1102 | B11: TAMAT SD | C11: 0 | D11: 1 | E11: 11 | F11: 0 | G11: 0 | H11: 0 | I11: 0 | J11: 0 | K11: 0 | L11: 0 | M11: 0 | N11: 0 | O11: =C11+F11-I11-L11 -> 0 | P11: =D11+G11-J11-M11 -> 1 | Q11: =E11+H11-K11-N11 -> 11
A12: 1103 | B12: SETINGKAT SD | C12: 0 | D12: 0 | E12: 0 | F12: 0 | G12: 0 | H12: 0 | I12: 0 | J12: 0 | K12: 0 | L12: 0 | M12: 0 | N12: 0 | O12: =C12+F12-I12-L12 -> 0 | P12: =D12+G12-J12-M12 -> 0 | Q12: =E12+H12-K12-N12 -> 0
A13: 2001 | B13: SLTP UMUM
A14: 2101 | B14: SEKOLAH MENENGAH PERTAMA | C14: 4 | D14: 27 | E14: 24 | F14: 0 | G14: 0 | H14: 0 | I14: 0 | J14: 0 | K14: 0 | L14: 0 | M14: 0 | N14: 0 | O14: =C14+F14-I14-L14 -> 4 | P14: =D14+G14-J14-M14 -> 27 | Q14: =E14+H14-K14-N14 -> 24
A15: 2002 | B15: SLTP KEJURUAN
A16: 2104 | B16: SLTP KEJURUAN | C16: 2 | D16: 3 | E16: 6 | F16: 0 | G16: 0 | H16: 0 | I16: 0 | J16: 0 | K16: 0 | L16: 0 | M16: 0 | N16: 0 | O16: =C16+F16-I16-L16 -> 2 | P16: =D16+G16-J16-M16 -> 3 | Q16: =E16+H16-K16-N16 -> 6
A17: 2003 | B17: SETINGKAT SLTP
A18: 2103 | B18: SLTP - LAINNYA | C18: 4 | D18: 3 | E18: 3 | F18: 0 | G18: 0 | H18: 0 | I18: 0 | J18: 0 | K18: 0 | L18: 0 | M18: 0 | N18: 0 | O18: =C18+F18-I18-L18 -> 4 | P18: =D18+G18-J18-M18 -> 3 | Q18: =E18+H18-K18-N18 -> 3
A19: 3001 | B19: SMU
A20: 3801 | B20: SMU | C20: 354 | D20: 100 | E20: 135 | F20: 0 | G20: 0 | H20: 0 | I20: 0 | J20: 0 | K20: 0 | L20: 0 | M20: 0 | N20: 0 | O20: =C20+F20-I20-L20 -> 354 | P20: =D20+G20-J20-M20 -> 100 | Q20: =E20+H20-K20-N20 -> 135
A21: 3802 | B21: MADRASAH DINIYAH ALIYAH | C21: 57 | D21: 35 | E21: 20 | F21: 0 | G21: 0 | H21: 0 | I21: 0 | J21: 0 | K21: 0 | L21: 0 | M21: 0 | N21: 0 | O21: =C21+F21-I21-L21 -> 57 | P21: =D21+G21-J21-M21 -> 35 | Q21: =E21+H21-K21-N21 -> 20
B22: SMK
A23: 3100 | B23: SMK - TEKNOLOGI DAN REKAYASA
A24: 3101 | B24: TEKNIK BANGUNAN | C24: 24 | D24: 5 | E24: 3 | F24: 0 | G24: 0 | H24: 0 | I24: 0 | J24: 0 | K24: 0 | L24: 0 | M24: 0 | N24: 0 | O24: =C24+F24-I24-L24 -> 24 | P24: =D24+G24-J24-M24 -> 5 | Q24: =E24+H24-K24-N24 -> 3
A25: 3102 | B25: TEKNIK PLUMBING DAN SANITASI | C25: 0 | D25: 0 | E25: 0 | F25: 0 | G25: 0 | H25: 0 | I25: 0 | J25: 0 | K25: 0 | L25: 0 | M25: 0 | N25: 0 | O25: =C25+F25-I25-L25 -> 0 | P25: =D25+G25-J25-M25 -> 0 | Q25: =E25+H25-K25-N25 -> 0
A26: 3103 | B26: TEKNIK SURVEI DAN PEMETAAN | C26: 2 | D26: 0 | E26: 0 | F26: 0 | G26: 0 | H26: 0 | I26: 0 | J26: 0 | K26: 0 | L26: 0 | M26: 0 | N26: 0 | O26: =C26+F26-I26-L26 -> 2 | P26: =D26+G26-J26-M26 -> 0 | Q26: =E26+H26-K26-N26 -> 0
A27: 3104 | B27: TEKNIK KETENAGALISTRIKAN | C27: 58 | D27: 20 | E27: 13 | F27: 0 | G27: 0 | H27: 0 | I27: 0 | J27: 0 | K27: 0 | L27: 0 | M27: 0 | N27: 0 | O27: =C27+F27-I27-L27 -> 58 | P27: =D27+G27-J27-M27 -> 20 | Q27: =E27+H27-K27-N27 -> 13
A28: 3105 | B28: TEKNIK PENDINGINAN DAN TATA UDARA | C28: 3 | D28: 3 | E28: 1 | F28: 0 | G28: 0 | H28: 0 | I28: 0 | J28: 0 | K28: 0 | L28: 0 | M28: 0 | N28: 0 | O28: =C28+F28-I28-L28 -> 3 | P28: =D28+G28-J28-M28 -> 3 | Q28: =E28+H28-K28-N28 -> 1
A29: 3106 | B29: TEKNIK MESIN | C29: 26 | D29: 7 | E29: 29 | F29: 0 | G29: 0 | H29: 0 | I29: 0 | J29: 0 | K29: 0 | L29: 0 | M29: 0 | N29: 0 | O29: =C29+F29-I29-L29 -> 26 | P29: =D29+G29-J29-M29 -> 7 | Q29: =E29+H29-K29-N29 -> 29
A30: 3107 | B30: TEKNIK OTOMOTIF | C30: 160 | D30: 61 | E30: 39 | F30: 0 | G30: 0 | H30: 0 | I30: 0 | J30: 0 | K30: 0 | L30: 0 | M30: 0 | N30: 0 | O30: =C30+F30-I30-L30 -> 160 | P30: =D30+G30-J30-M30 -> 61 | Q30: =E30+H30-K30-N30 -> 39
A31: 3108 | B31: TEKNOLOGI PESAWAT UDARA | C31: 0 | D31: 1 | E31: 0 | F31: 0 | G31: 0 | H31: 0 | I31: 0 | J31: 0 | K31: 0 | L31: 0 | M31: 0 | N31: 0 | O31: =C31+F31-I31-L31 -> 0 | P31: =D31+G31-J31-M31 -> 1 | Q31: =E31+H31-K31-N31 -> 0
A32: 3109 | B32: TEKNIK PERKAPALAN | C32: 0 | D32: 0 | E32: 1 | F32: 0 | G32: 0 | H32: 0 | I32: 0 | J32: 0 | K32: 0 | L32: 0 | M32: 0 | N32: 0 | O32: =C32+F32-I32-L32 -> 0 | P32: =D32+G32-J32-M32 -> 0 | Q32: =E32+H32-K32-N32 -> 1
A33: 3110 | B33: TEKNOLOGI TEKSTIL | C33: 0 | D33: 0 | E33: 0 | F33: 0 | G33: 0 | H33: 0 | I33: 0 | J33: 0 | K33: 0 | L33: 0 | M33: 0 | N33: 0 | O33: =C33+F33-I33-L33 -> 0 | P33: =D33+G33-J33-M33 -> 0 | Q33: =E33+H33-K33-N33 -> 0
A34: 3111 | B34: TEKNIK GRAFIKA | C34: 0 | D34: 0 | E34: 0 | F34: 0 | G34: 0 | H34: 0 | I34: 0 | J34: 0 | K34: 0 | L34: 0 | M34: 0 | N34: 0 | O34: =C34+F34-I34-L34 -> 0 | P34: =D34+G34-J34-M34 -> 0 | Q34: =E34+H34-K34-N34 -> 0
A35: 3112 | B35: GEOLOGI PERTAMBANGAN | C35: 2 | D35: 5 | E35: 0 | F35: 0 | G35: 0 | H35: 0 | I35: 0 | J35: 0 | K35: 0 | L35: 0 | M35: 0 | N35: 0 | O35: =C35+F35-I35-L35 -> 2 | P35: =D35+G35-J35-M35 -> 5 | Q35: =E35+H35-K35-N35 -> 0
... A42: 3119 | B42: TEKNIK LAINNYA | C42: 0 | D42: 0 | E42: 0 | F42: 0 | G42: 0 | H42: 0 | I42: 0 | J42: 0 | K42: 0 | L42: 0 | M42: 0 | N42: 0 | O42: =C42+F42-I42-L42 -> 0 | P42: =D42+G42-J42-M42 -> 0 | Q42: =E42+H42-K42-N42 -> 0
A43: 3200 | B43: SMK - TEKNOLOGI INFORMASI DAN KOMUNIKASI
A44: 3201 | B44: TEKNIK TELEKOMUNIKASI | C44: 0 | D44: 0 | E44: 2 | F44: 0 | G44: 0 | H44: 0 | I44: 0 | J44: 0 | K44: 0 | L44: 0 | M44: 0 | N44: 0 | O44: =C44+F44-I44-L44 -> 0 | P44: =D44+G44-J44-M44 -> 0 | Q44: =E44+H44-K44-N44 -> 2
A45: 3202 | B45: TEKNIK KOMPUTER DAN INFORMATIKA | C45: 88 | D45: 24 | E45: 18 | F45: 0 | G45: 0 | H45: 0 | I45: 0 | J45: 0 | K45: 0 | L45: 0 | M45: 0 | N45: 0 | O45: =C45+F45-I45-L45 -> 88 | P45: =D45+G45-J45-M45 -> 24 | Q45: =E45+H45-K45-N45 -> 18
A46: 3203 | B46: TEKNIK BROADCASTING | C46: 0 | D46: 0 | E46: 0 | F46: 0 | G46: 0 | H46: 0 | I46: 0 | J46: 0 | K46: 0 | L46: 0 | M46: 0 | N46: 0 | O46: =C46+F46-I46-L46 -> 0 | P46: =D46+G46-J46-M46 -> 0 | Q46: =E46+H46-K46-N46 -> 0
A47: 3300 | B47: SMK - KESEHATAN
A48: 3301 | B48: KESEHATAN | C48: 8 | D48: 4 | E48: 1 | F48: 0 | G48: 0 | H48: 0 | I48: 0 | J48: 0 | K48: 0 | L48: 0 | M48: 0 | N48: 0 | O48: =C48+F48-I48-L48 -> 8 | P48: =D48+G48-J48-M48 -> 4 | Q48: =E48+H48-K48-N48 -> 1
A49: 3302 | B49: PERAWATAN SOSIAL | C49: 0 | D49: 0 | E49: 0 | F49: 0 | G49: 0 | H49: 0 | I49: 0 | J49: 0 | K49: 0 | L49: 0 | M49: 0 | N49: 0 | O49: =C49+F49-I49-L49 -> 0 | P49: =D49+G49-J49-M49 -> 0 | Q49: =E49+H49-K49-N49 -> 0
A50: 3400 | B50: SMK - SENI, KERAJINAN DAN PARIWISATA
A51: 3401 | B51: SENI RUPA | C51: 0 | D51: 0 | E51: 0 | F51: 0 | G51: 0 | H51: 0 | I51: 0 | J51: 0 | K51: 0 | L51: 0 | M51: 0 | N51: 0 | O51: =C51+F51-I51-L51 -> 0 | P51: =D51+G51-J51-M51 -> 0 | Q51: =E51+H51-K51-N51 -> 0
A52: 3402 | B52: DESAIN DAN PRODUKSI KRIA | C52: 0 | D52: 0 | E52: 0 | F52: 0 | G52: 0 | H52: 0 | I52: 0 | J52: 0 | K52: 0 | L52: 0 | M52: 0 | N52: 0 | O52: =C52+F52-I52-L52 -> 0 | P52: =D52+G52-J52-M52 -> 0 | Q52: =E52+H52-K52-N52 -> 0
A53: 3403 | B53: SENI PERTUNJUKAN | C53: 0 | D53: 0 | E53: 0 | F53: 0 | G53: 0 | H53: 0 | I53: 0 | J53: 0 | K53: 0 | L53: 0 | M53: 0 | N53: 0 | O53: =C53+F53-I53-L53 -> 0 | P53: =D53+G53-J53-M53 -> 0 | Q53: =E53+H53-K53-N53 -> 0
A54: 3404 | B54: PARIWISATA | C54: 9 | D54: 5 | E54: 7 | F54: 0 | G54: 0 | H54: 0 | I54: 0 | J54: 0 | K54: 0 | L54: 0 | M54: 0 | N54: 0 | O54: =C54+F54-I54-L54 -> 9 | P54: =D54+G54-J54-M54 -> 5 | Q54: =E54+H54-K54-N54 -> 7
A55: 3405 | B55: TATA BOGA | C55: 2 | D55: 2 | E55: 0 | F55: 0 | G55: 0 | H55: 0 | I55: 0 | J55: 0 | K55: 0 | L55: 0 | M55: 0 | N55: 0 | O55: =C55+F55-I55-L55 -> 2 | P55: =D55+G55-J55-M55 -> 2 | Q55: =E55+H55-K55-N55 -> 0
A56: 3406 | B56: TATA KECANTIKAN | C56: 3 | D56: 0 | E56: 0 | F56: 0 | G56: 0 | H56: 0 | I56: 0 | J56: 0 | K56: 0 | L56: 0 | M56: 0 | N56: 0 | O56: =C56+F56-I56-L56 -> 3 | P56: =D56+G56-J56-M56 -> 0 | Q56: =E56+H56-K56-N56 -> 0
A57: 3407 | B57: TATA BUSANA | C57: 5 | D57: 3 | E57: 2 | F57: 0 | G57: 0 | H57: 0 | I57: 0 | J57: 0 | K57: 0 | L57: 0 | M57: 0 | N57: 0 | O57: =C57+F57-I57-L57 -> 5 | P57: =D57+G57-J57-M57 -> 3 | Q57: =E57+H57-K57-N57 -> 2
A58: 3500 | B58: SMK - AGRISBISNIS DAN AGROTEKNOLOGI
A59: 3501 | B59: AGRIBISNIS PRODUKSI TANAMAN | C59: 29 | D59: 10 | E59: 13 | F59: 0 | G59: 0 | H59: 0 | I59: 0 | J59: 0 | K59: 0 | L59: 0 | M59: 0 | N59: 0 | O59: =C59+F59-I59-L59 -> 29 | P59: =D59+G59-J59-M59 -> 10 | Q59: =E59+H59-K59-N59 -> 13
A60: 3502 | B60: AGRIBISNIS PRODUKSI TERNAK | C60: 11 | D60: 2 | E60: 0 | F60: 0 | G60: 0 | H60: 0 | I60: 0 | J60: 0 | K60: 0 | L60: 0 | M60: 0 | N60: 0 | O60: =C60+F60-I60-L60 -> 11 | P60: =D60+G60-J60-M60 -> 2 | Q60: =E60+H60-K60-N60 -> 0
A61: 3503 | B61: AGRIBISNIS PRODUKSI SUMBERDAYA PERAIRAN | C61: 11 | D61: 9 | E61: 4 | F61: 0 | G61: 0 | H61: 0 | I61: 0 | J61: 0 | K61: 0 | L61: 0 | M61: 0 | N61: 0 | O61: =C61+F61-I61-L61 -> 11 | P61: =D61+G61-J61-M61 -> 9 | Q61: =E61+H61-K61-N61 -> 4
A62: 3504 | B62: MEKANISASI PERTANIAN | C62: 4 | D62: 0 | E62: 0 | F62: 0 | G62: 0 | H62: 0 | I62: 0 | J62: 0 | K62: 0 | L62: 0 | M62: 0 | N62: 0 | O62: =C62+F62-I62-L62 -> 4 | P62: =D62+G62-J62-M62 -> 0 | Q62: =E62+H62-K62-N62 -> 0
A63: 3505 | B63: AGRIBISNIS HASIL PERTANIAN | C63: 1 | D63: 3 | E63: 1 | F63: 0 | G63: 0 | H63: 0 | I63: 0 | J63: 0 | K63: 0 | L63: 0 | M63: 0 | N63: 0 | O63: =C63+F63-I63-L63 -> 1 | P63: =D63+G63-J63-M63 -> 3 | Q63: =E63+H63-K63-N63 -> 1
A64: 3506 | B64: PENYULUHAN PERTANIAN | C64: 0 | D64: 0 | E64: 0 | F64: 0 | G64: 0 | H64: 0 | I64: 0 | J64: 0 | K64: 0 | L64: 0 | M64: 0 | N64: 0 | O64: =C64+F64-I64-L64 -> 0 | P64: =D64+G64-J64-M64 -> 0 | Q64: =E64+H64-K64-N64 -> 0
A65: 3507 | B65: KEHUTANAN | C65: 0 | D65: 0 | E65: 0 | F65: 0 | G65: 0 | H65: 0 | I65: 0 | J65: 0 | K65: 0 | L65: 0 | M65: 0 | N65: 0 | O65: =C65+F65-I65-L65 -> 0 | P65: =D65+G65-J65-M65 -> 0 | Q65: =E65+H65-K65-N65 -> 0
A66: 3600 | B66: SMK - BISNIS DAN MANAJEMEN
A67: 3601 | B67: ADMINISTRASI | C67: 14 | D67: 2 | E67: 11 | F67: 0 | G67: 0 | H67: 0 | I67: 0 | J67: 0 | K67: 0 | L67: 0 | M67: 0 | N67: 0 | O67: =C67+F67-I67-L67 -> 14 | P67: =D67+G67-J67-M67 -> 2 | Q67: =E67+H67-K67-N67 -> 11
A68: 3602 | B68: KEUANGAN | C68: 52 | D68: 12 | E68: 16 | F68: 0 | G68: 0 | H68: 0 | I68: 0 | J68: 0 | K68: 0 | L68: 0 | M68: 0 | N68: 0 | O68: =C68+F68-I68-L68 -> 52 | P68: =D68+G68-J68-M68 -> 12 | Q68: =E68+H68-K68-N68 -> 16
A69: 3603 | B69: TATA NIAGA | C69: 15 | D69: 12 | E69: 11 | F69: 0 | G69: 0 | H69: 0 | I69: 0 | J69: 0 | K69: 0 | L69: 0 | M69: 0 | N69: 0 | O69: =C69+F69-I69-L69 -> 15 | P69: =D69+G69-J69-M69 -> 12 | Q69: =E69+H69-K69-N69 -> 11
A70: 3700 | B70: SETINGKAT SMU LAINNYA
A71: 3701 | B71: SLTA LAINNYA | C71: 25 | D71: 11 | E71: 38 | F71: 0 | G71: 0 | H71: 0 | I71: 0 | J71: 0 | K71: 0 | L71: 0 | M71: 0 | N71: 0 | O71: =C71+F71-I71-L71 -> 25 | P71: =D71+G71-J71-M71 -> 11 | Q71: =E71+H71-K71-N71 -> 38
A72: 3702 | B72: SLTA - TAK TERDEFINISI | C72: 0 | D72: 0 | E72: 0 | F72: 0 | G72: 0 | H72: 0 | I72: 0 | J72: 0 | K72: 0 | L72: 0 | M72: 0 | N72: 0 | O72: =C72+F72-I72-L72 -> 0 | P72: =D72+G72-J72-M72 -> 0 | Q72: =E72+H72-K72-N72 -> 0
A73: 4100 | B73: DIPLOMA I / AKTA I
A74: 4101 | B74: PENDIDIKAN | C74: 0 | D74: 0 | E74: 0 | F74: 0 | G74: 0 | H74: 0 | I74: 0 | J74: 0 | K74: 0 | L74: 0 | M74: 0 | N74: 0 | O74: =C74+F74-I74-L74 -> 0 | P74: =D74+G74-J74-M74 -> 0 | Q74: =E74+H74-K74-N74 -> 0
A75: 4102 | B75: PENDIDIKAN LUAR SEKOLAH | C75: 0 | D75: 0 | E75: 0 | F75: 0 | G75: 0 | H75: 0 | I75: 0 | J75: 0 | K75: 0 | L75: 0 | M75: 0 | N75: 0 | O75: =C75+F75-I75-L75 -> 0 | P75: =D75+G75-J75-M75 -> 0 | Q75: =E75+H75-K75-N75 -> 0
A76: 4103 | B76: PENDIDIKAN KESEJAHTERAAN SOSIAL | C76: 0 | D76: 0 | E76: 0 | F76: 0 | G76: 0 | H76: 0 | I76: 0 | J76: 0 | K76: 0 | L76: 0 | M76: 0 | N76: 0 | O76: =C76+F76-I76-L76 -> 0 | P76: =D76+G76-J76-M76 -> 0 | Q76: =E76+H76-K76-N76 -> 0
A77: 4104 | B77: PSIKOLOGI | C77: 0 | D77: 0 | E77: 0 | F77: 0 | G77: 0 | H77: 0 | I77: 0 | J77: 0 | K77: 0 | L77: 0 | M77: 0 | N77: 0 | O77: =C77+F77-I77-L77 -> 0 | P77: =D77+G77-J77-M77 -> 0 | Q77: =E77+H77-K77-N77 -> 0
A78: 4105 | B78: ILMU PENGETAHUAN SOSIAL | C78: 0 | D78: 0 | E78: 0 | F78: 0 | G78: 0 | H78: 0 | I78: 0 | J78: 0 | K78: 0 | L78: 0 | M78: 0 | N78: 0 | O78: =C78+F78-I78-L78 -> 0 | P78: =D78+G78-J78-M78 -> 0 | Q78: =E78+H78-K78-N78 -> 0
A79: 4106 | B79: PENDIDIKAN MORAL PANCASILA | C79: 0 | D79: 0 | E79: 0 | F79: 0 | G79: 0 | H79: 0 | I79: 0 | J79: 0 | K79: 0 | L79: 0 | M79: 0 | N79: 0 | O79: =C79+F79-I79-L79 -> 0 | P79: =D79+G79-J79-M79 -> 0 | Q79: =E79+H79-K79-N79 -> 0
A80: 4107 | B80: ADMINISTRASI KEUANGAN | C80: 0 | D80: 0 | E80: 0 | F80: 0 | G80: 0 | H80: 0 | I80: 0 | J80: 0 | K80: 0 | L80: 0 | M80: 0 | N80: 0 | O80: =C80+F80-I80-L80 -> 0 | P80: =D80+G80-J80-M80 -> 0 | Q80: =E80+H80-K80-N80 -> 0
A81: 4108 | B81: ANTROPOLOGI | C81: 0 | D81: 0 | E81: 0 | F81: 0 | G81: 0 | H81: 0 | I81: 0 | J81: 0 | K81: 0 | L81: 0 | M81: 0 | N81: 0 | O81: =C81+F81-I81-L81 -> 0 | P81: =D81+G81-J81-M81 -> 0 | Q81: =E81+H81-K81-N81 -> 0
A82: 4109 | B82: SEJARAH | C82: 0 | D82: 0 | E82: 0 | F82: 0 | G82: 0 | H82: 0 | I82: 0 | J82: 0 | K82: 0 | L82: 0 | M82: 0 | N82: 0 | O82: =C82+F82-I82-L82 -> 0 | P82: =D82+G82-J82-M82 -> 0 | Q82: =E82+H82-K82-N82 -> 0
A83: 4110 | B83: HUKUM | C83: 0 | D83: 0 | E83: 0 | F83: 0 | G83: 0 | H83: 0 | I83: 0 | J83: 0 | K83: 0 | L83: 0 | M83: 0 | N83: 0 | O83: =C83+F83-I83-L83 -> 0 | P83: =D83+G83-J83-M83 -> 0 | Q83: =E83+H83-K83-N83 -> 0
A84: 4111 | B84: KESEKRETARIATAN | C84: 0 | D84: 0 | E84: 0 | F84: 0 | G84: 0 | H84: 0 | I84: 0 | J84: 0 | K84: 0 | L84: 0 | M84: 0 | N84: 0 | O84: =C84+F84-I84-L84 -> 0 | P84: =D84+G84-J84-M84 -> 0 | Q84: =E84+H84-K84-N84 -> 0
A85: 4112 | B85: OLAH RAGA KESEHATAN | C85: 0 | D85: 0 | E85: 0 | F85: 0 | G85: 0 | H85: 0 | I85: 0 | J85: 0 | K85: 0 | L85: 0 | M85: 0 | N85: 0 | O85: =C85+F85-I85-L85 -> 0 | P85: =D85+G85-J85-M85 -> 0 | Q85: =E85+H85-K85-N85 -> 0
... A103: 4130 | B103: DIPLOMA I - TAK TERDEFINISI | C103: 0 | D103: 0 | E103: 0 | F103: 0 | G103: 0 | H103: 0 | I103: 0 | J103: 0 | K103: 0 | L103: 0 | M103: 0 | N103: 0 | O103: =C103+F103-I103-L103 -> 0 | P103: =D103+G103-J103-M103 -> 0 | Q103: =E103+H103-K103-N103 -> 0
A104: 4200 | B104: DIPLOMA II / AKTA II
A105: 4201 | B105: PENDIDIKAN | C105: 0 | D105: 0 | E105: 0 | F105: 0 | G105: 0 | H105: 0 | I105: 0 | J105: 0 | K105: 0 | L105: 0 | M105: 0 | N105: 0 | O105: =C105+F105-I105-L105 -> 0 | P105: =D105+G105-J105-M105 -> 0 | Q105: =E105+H105-K105-N105 -> 0
A106: 4202 | B106: PENDIDIKAN SOSIAL | C106: 0 | D106: 0 | E106: 0 | F106: 0 | G106: 0 | H106: 0 | I106: 0 | J106: 0 | K106: 0 | L106: 0 | M106: 0 | N106: 0 | O106: =C106+F106-I106-L106 -> 0 | P106: =D106+G106-J106-M106 -> 0 | Q106: =E106+H106-K106-N106 -> 0
A107: 4203 | B107: PENDIDIKAN LUAR SEKOLAH | C107: 0 | D107: 0 | E107: 0 | F107: 0 | G107: 0 | H107: 0 | I107: 0 | J107: 0 | K107: 0 | L107: 0 | M107: 0 | N107: 0 | O107: =C107+F107-I107-L107 -> 0 | P107: =D107+G107-J107-M107 -> 0 | Q107: =E107+H107-K107-N107 -> 0
A108: 4204 | B108: PSIKOLOGI | C108: 0 | D108: 0 | E108: 0 | F108: 0 | G108: 0 | H108: 0 | I108: 0 | J108: 0 | K108: 0 | L108: 0 | M108: 0 | N108: 0 | O108: =C108+F108-I108-L108 -> 0 | P108: =D108+G108-J108-M108 -> 0 | Q108: =E108+H108-K108-N108 -> 0
A109: 4205 | B109: PENDIDIKAN MORAL PANCASILA | C109: 0 | D109: 0 | E109: 0 | F109: 0 | G109: 0 | H109: 0 | I109: 0 | J109: 0 | K109: 0 | L109: 0 | M109: 0 | N109: 0 | O109: =C109+F109-I109-L109 -> 0 | P109: =D109+G109-J109-M109 -> 0 | Q109: =E109+H109-K109-N109 -> 0
A110: 4206 | B110: ANTROPOLOGI | C110: 0 | D110: 0 | E110: 0 | F110: 0 | G110: 0 | H110: 0 | I110: 0 | J110: 0 | K110: 0 | L110: 0 | M110: 0 | N110: 0 | O110: =C110+F110-I110-L110 -> 0 | P110: =D110+G110-J110-M110 -> 0 | Q110: =E110+H110-K110-N110 -> 0
A111: 4207 | B111: SEJARAH | C111: 0 | D111: 0 | E111: 0 | F111: 0 | G111: 0 | H111: 0 | I111: 0 | J111: 0 | K111: 0 | L111: 0 | M111: 0 | N111: 0 | O111: =C111+F111-I111-L111 -> 0 | P111: =D111+G111-J111-M111 -> 0 | Q111: =E111+H111-K111-N111 -> 0
A112: 4208 | B112: HUKUM | C112: 0 | D112: 0 | E112: 0 | F112: 0 | G112: 0 | H112: 0 | I112: 0 | J112: 0 | K112: 0 | L112: 0 | M112: 0 | N112: 0 | O112: =C112+F112-I112-L112 -> 0 | P112: =D112+G112-J112-M112 -> 0 | Q112: =E112+H112-K112-N112 -> 0
A113: 4209 | B113: PENDIDIKAN KESEJAHTERAAN KELUARGA | C113: 0 | D113: 0 | E113: 0 | F113: 0 | G113: 0 | H113: 0 | I113: 0 | J113: 0 | K113: 0 | L113: 0 | M113: 0 | N113: 0 | O113: =C113+F113-I113-L113 -> 0 | P113: =D113+G113-J113-M113 -> 0 | Q113: =E113+H113-K113-N113 -> 0
A114: 4210 | B114: EKONOMI | C114: 0 | D114: 0 | E114: 0 | F114: 0 | G114: 0 | H114: 0 | I114: 0 | J114: 0 | K114: 0 | L114: 0 | M114: 0 | N114: 0 | O114: =C114+F114-I114-L114 -> 0 | P114: =D114+G114-J114-M114 -> 0 | Q114: =E114+H114-K114-N114 -> 0
A115: 4211 | B115: KESENIAN | C115: 0 | D115: 0 | E115: 0 | F115: 0 | G115: 0 | H115: 0 | I115: 0 | J115: 0 | K115: 0 | L115: 0 | M115: 0 | N115: 0 | O115: =C115+F115-I115-L115 -> 0 | P115: =D115+G115-J115-M115 -> 0 | Q115: =E115+H115-K115-N115 -> 0
A116: 4212 | B116: KESEKRETARIATAN | C116: 0 | D116: 0 | E116: 0 | F116: 0 | G116: 0 | H116: 0 | I116: 0 | J116: 0 | K116: 0 | L116: 0 | M116: 0 | N116: 0 | O116: =C116+F116-I116-L116 -> 0 | P116: =D116+G116-J116-M116 -> 0 | Q116: =E116+H116-K116-N116 -> 0
... A135: 4231 | B135: DIPLOMA II - TAK TERDEFINISI | C135: 0 | D135: 0 | E135: 0 | F135: 0 | G135: 0 | H135: 0 | I135: 0 | J135: 0 | K135: 0 | L135: 0 | M135: 0 | N135: 0 | O135: =C135+F135-I135-L135 -> 0 | P135: =D135+G135-J135-M135 -> 0 | Q135: =E135+H135-K135-N135 -> 0
B136: DIII
A137: 5100 | B137: DIII - ILMU PASTI/ILMU ALAM
A138: 5101 | B138: FISIKA | C138: 0 | D138: 0 | E138: 0 | F138: 0 | G138: 0 | H138: 0 | I138: 0 | J138: 0 | K138: 0 | L138: 0 | M138: 0 | N138: 0 | O138: =C138+F138-I138-L138 -> 0 | P138: =D138+G138-J138-M138 -> 0 | Q138: =E138+H138-K138-N138 -> 0
A139: 5102 | B139: ASTRONOMI | C139: 0 | D139: 0 | E139: 0 | F139: 0 | G139: 0 | H139: 0 | I139: 0 | J139: 0 | K139: 0 | L139: 0 | M139: 0 | N139: 0 | O139: =C139+F139-I139-L139 -> 0 | P139: =D139+G139-J139-M139 -> 0 | Q139: =E139+H139-K139-N139 -> 0
A140: 5103 | B140: BIOLOGI | C140: 0 | D140: 0 | E140: 0 | F140: 0 | G140: 0 | H140: 0 | I140: 0 | J140: 0 | K140: 0 | L140: 0 | M140: 0 | N140: 0 | O140: =C140+F140-I140-L140 -> 0 | P140: =D140+G140-J140-M140 -> 0 | Q140: =E140+H140-K140-N140 -> 0
A141: 5104 | B141: GEOLOGI DAN PERTAMBANGAN | C141: 0 | D141: 0 | E141: 0 | F141: 0 | G141: 0 | H141: 0 | I141: 0 | J141: 0 | K141: 0 | L141: 0 | M141: 0 | N141: 0 | O141: =C141+F141-I141-L141 -> 0 | P141: =D141+G141-J141-M141 -> 0 | Q141: =E141+H141-K141-N141 -> 0
A142: 5105 | B142: METEOROLOGI DAN GEOFISIKA | C142: 0 | D142: 0 | E142: 0 | F142: 0 | G142: 0 | H142: 0 | I142: 0 | J142: 0 | K142: 0 | L142: 0 | M142: 0 | N142: 0 | O142: =C142+F142-I142-L142 -> 0 | P142: =D142+G142-J142-M142 -> 0 | Q142: =E142+H142-K142-N142 -> 0
...

Sheet ipk.3.8
A1: IPK III/8 : PENEMPATAN PENCARI KERJA MENURUT JENIS ANTAR KERJA TINGKAT PENDIDIKAN PENCARI KERJA,
A2: PENERIMA TENAGA KERJA DAN JENIS KELAMIN
A3: DI KABUPATEN PASER
A4: ='ipk.3.7'!A3 -> PADA TANGGAL : 1 AGUSTUS 2025 s/d 31 AGUSTUS 2025
A6: Kode | B6: I . Tingkat Pendidikan Pencari Kerja yg ditempatkan | C6: Jenis Antar Kerja | L6: Jumlah
C7: AKL | F7: AKAD | I7: AKAN
C8: L | D8: P | E8: JML | F8: L | G8: P | H8: JML | I8: L | J8: P | K8: JML | L8: L | M8: P | N8: JML
A9: 1 | B9: 2 | C9: 3 | D9: 4 | E9: 5 | F9: 6 | G9: 7 | H9: 8 | I9: 9 | J9: 10 | K9: 11 | L9: 12 | M9: 13 | N9: 14
A11: 1 | B11: NON | C11: 0 | D11: 0 | E11: =C11+D11 -> 0 | F11: 0 | G11: 0 | H11: =F11+G11 -> 0 | I11: 0 | J11: 0 | K11: =I11+J11 -> 0 | L11: =C11+F11+I11 -> 0 | M11: =D11+G11+J11 -> 0 | N11: =L11+M11 -> 0
A12: 2 | B12: SD | C12: 0 | D12: 0 | E12: =C12+D12 -> 0 | F12: 0 | G12: 0 | H12: =F12+G12 -> 0 | I12: 0 | J12: 0 | K12: =I12+J12 -> 0 | L12: =C12+F12+I12 -> 0 | M12: =D12+G12+J12 -> 0 | N12: =L12+M12 -> 0
A13: 3 | B13: SLTP | C13: 0 | D13: 0 | E13: =C13+D13 -> 0 | F13: 0 | G13: 0 | H13: =F13+G13 -> 0 | I13: 0 | J13: 0 | K13: =I13+J13 -> 0 | L13: =C13+F13+I13 -> 0 | M13: =D13+G13+J13 -> 0 | N13: =L13+M13 -> 0
A14: 4 | B14: SLTA | C14: 0 | D14: 0 | E14: =C14+D14 -> 0 | F14: 0 | G14: 0 | H14: =F14+G14 -> 0 | I14: 0 | J14: 0 | K14: =I14+J14 -> 0 | L14: =C14+F14+I14 -> 0 | M14: =D14+G14+J14 -> 0 | N14: =L14+M14 -> 0
A15: 5 | B15: DIPLOMA 1 | C15: 0 | D15: 0 | E15: =C15+D15 -> 0 | F15: 0 | G15: 0 | H15: =F15+G15 -> 0 | I15: 0 | J15: 0 | K15: =I15+J15 -> 0 | L15: =C15+F15+I15 -> 0 | M15: =D15+G15+J15 -> 0 | N15: =L15+M15 -> 0
A16: 6 | B16: DIPLOMA 2 | C16: 0 | D16: 0 | E16: =C16+D16 -> 0 | F16: 0 | G16: 0 | H16: =F16+G16 -> 0 | I16: 0 | J16: 0 | K16: =I16+J16 -> 0 | L16: =C16+F16+I16 -> 0 | M16: =D16+G16+J16 -> 0 | N16: =L16+M16 -> 0
A17: 7 | B17: D3/SARJANA MUDA | C17: 0 | D17: 0 | E17: =C17+D17 -> 0 | F17: 0 | G17: 0 | H17: =F17+G17 -> 0 | I17: 0 | J17: 0 | K17: =I17+J17 -> 0 | L17: =C17+F17+I17 -> 0 | M17: =D17+G17+J17 -> 0 | N17: =L17+M17 -> 0
A18: 8 | B18: D4/SARJANA SAINS TERAPAN | C18: 0 | D18: 0 | E18: =C18+D18 -> 0 | F18: 0 | G18: 0 | H18: =F18+G18 -> 0 | I18: 0 | J18: 0 | K18: =I18+J18 -> 0 | L18: =C18+F18+I18 -> 0 | M18: =D18+G18+J18 -> 0 | N18: =L18+M18 -> 0
A19: 9 | B19: AKTA 2 | C19: 0 | D19: 0 | E19: =C19+D19 -> 0 | F19: 0 | G19: 0 | H19: =F19+G19 -> 0 | I19: 0 | J19: 0 | K19: =I19+J19 -> 0 | L19: =C19+F19+I19 -> 0 | M19: =D19+G19+J19 -> 0 | N19: =L19+M19 -> 0
A20: 10 | B20: AKTA 3 | C20: 0 | D20: 0 | E20: =C20+D20 -> 0 | F20: 0 | G20: 0 | H20: =F20+G20 -> 0 | I20: 0 | J20: 0 | K20: =I20+J20 -> 0 | L20: =C20+F20+I20 -> 0 | M20: =D20+G20+J20 -> 0 | N20: =L20+M20 -> 0
A21: 11 | B21: SARJANA | C21: 0 | D21: 0 | E21: =C21+D21 -> 0 | F21: 0 | G21: 0 | H21: =F21+G21 -> 0 | I21: 0 | J21: 0 | K21: =I21+J21 -> 0 | L21: =C21+F21+I21 -> 0 | M21: =D21+G21+J21 -> 0 | N21: =L21+M21 -> 0
A22: 12 | B22: MAGISTER | C22: 0 | D22: 0 | E22: =C22+D22 -> 0 | F22: 0 | G22: 0 | H22: =F22+G22 -> 0 | I22: 0 | J22: 0 | K22: =I22+J22 -> 0 | L22: =C22+F22+I22 -> 0 | M22: =D22+G22+J22 -> 0 | N22: =L22+M22 -> 0
A23: 13 | B23: DOKTORAL | C23: 0 | D23: 0 | E23: =C23+D23 -> 0 | F23: 0 | G23: 0 | H23: =F23+G23 -> 0 | I23: 0 | J23: 0 | K23: =I23+J23 -> 0 | L23: =C23+F23+I23 -> 0 | M23: =D23+G23+J23 -> 0 | N23: =L23+M23 -> 0
B25: JUMLAH | C25: =SUM(C10:C23) -> 0 | D25: =SUM(D10:D23) -> 0 | E25: =SUM(E10:E23) -> 0 | F25: =SUM(F10:F23) -> 0 | G25: =SUM(G10:G23) -> 0 | H25: =SUM(H10:H23) -> 0 | I25: =SUM(I10:I23) -> 0 | J25: =SUM(J10:J23) -> 0 | ... N25: =SUM(N10:N23) -> 0
A27: No | B27: II. Penerima Pencari Kerja | C27: Jenis Antar Kerja | L27: Jumlah
C28: AKL | F28: AKAD | I28: AKAN
C29: L | D29: P | E29: JML | F29: L | G29: P | H29: JML | I29: L | J29: P | K29: JML | L29: L | M29: P | N29: JML
A30: 1 | B30: INSTANSI PEMERINTAH | C30: 0 | D30: 0 | E30: =C30+D30 -> 0 | F30: 0 | G30: 0 | H30: =F30+G30 -> 0 | I30: 0 | J30: 0 | K30: =I30+J30 -> 0 | L30: =C30+F30+I30 -> 0 | M30: =D30+G30+J30 -> 0 | N30: =L30+M30 -> 0
A31: 2 | B31: BUMN/BUMD | C31: 0 | D31: 0 | E31: =C31+D31 -> 0 | F31: 0 | G31: 0 | H31: =F31+G31 -> 0 | I31: 0 | J31: 0 | K31: =I31+J31 -> 0 | L31: =C31+F31+I31 -> 0 | M31: =D31+G31+J31 -> 0 | N31: =L31+M31 -> 0
A32: 3 | B32: KOPERASI | C32: 0 | D32: 0 | E32: =C32+D32 -> 0 | F32: 0 | G32: 0 | H32: =F32+G32 -> 0 | I32: 0 | J32: 0 | K32: =I32+J32 -> 0 | L32: =C32+F32+I32 -> 0 | M32: =D32+G32+J32 -> 0 | N32: =L32+M32 -> 0
A33: 4 | B33: PERUSAHAAN SWASTA | C33: =C25 -> 0 | D33: =D25 -> 0 | E33: =C33+D33 -> 0 | F33: 0 | G33: 0 | H33: =F33+G33 -> 0 | I33: 0 | J33: 0 | K33: =I33+J33 -> 0 | L33: =C33+F33+I33 -> 0 | M33: =D33+G33+J33 -> 0 | N33: =L33+M33 -> 0
A34: 5 | B34: BADAN USAHA LAINNYA | C34: 0 | D34: 0 | E34: =C34+D34 -> 0 | F34: 0 | G34: 0 | H34: =F34+G34 -> 0 | I34: 0 | J34: 0 | K34: =I34+J34 -> 0 | L34: =C34+F34+I34 -> 0 | M34: =D34+G34+J34 -> 0 | N34: =L34+M34 -> 0
A35: 6 | B35: PERORANGAN | C35: 0 | D35: 0 | E35: =C35+D35 -> 0 | F35: 0 | G35: 0 | H35: =F35+G35 -> 0 | I35: 0 | J35: 0 | K35: =I35+J35 -> 0 | L35: =C35+F35+I35 -> 0 | M35: =D35+G35+J35 -> 0 | N35: =L35+M35 -> 0
B37: JUMLAH | C37: =SUM(C30:C35) -> 0 | D37: =SUM(D30:D35) -> 0 | E37: =SUM(E30:E35) -> 0 | F37: =SUM(F30:F35) -> 0 | G37: =SUM(G30:G35) -> 0 | H37: =SUM(H30:H35) -> 0 | I37: =SUM(I30:I35) -> 0 | J37: =SUM(J30:J35) -> 0 | ... N37: =SUM(N30:N35) -> 0
J39: Tana Paser, 2025
J41: Mengetahui :
J42: Kepala Bidang Penempatan
J43: dan Peningkatan Kesempatan Kerja
J47: Agus Setiawan, S.Sos
J48: NIP. 197208162006041007
